{
  "closed_mean": 1.1871701938431787,
  "open_mean": 1.2995816811304284,
  "blocked_mean": 8.159930071799396,
  "ordering_correct": true
}