{
  "0.05": {
    "causal_rate": 0.5,
    "collapse_mean": 0.4168476462364197,
    "collapse_std": 0.24416911602020264
  },
  "0.1": {
    "causal_rate": 0.5,
    "collapse_mean": -17.285980224609375,
    "collapse_std": 43.242820739746094
  },
  "0.15": {
    "causal_rate": 0.5,
    "collapse_mean": -7.253520965576172,
    "collapse_std": 19.57206916809082
  },
  "0.2": {
    "causal_rate": 0.375,
    "collapse_mean": -1.614241361618042,
    "collapse_std": 4.108654499053955
  },
  "0.25": {
    "causal_rate": 0.5,
    "collapse_mean": -0.7599620819091797,
    "collapse_std": 3.289604663848877
  },
  "0.3": {
    "causal_rate": 0.25,
    "collapse_mean": -3.770967721939087,
    "collapse_std": 9.504388809204102
  },
  "0.35": {
    "causal_rate": 0.5,
    "collapse_mean": -5.177814483642578,
    "collapse_std": 14.344015121459961
  },
  "0.4": {
    "causal_rate": 0.375,
    "collapse_mean": -0.1687624156475067,
    "collapse_std": 1.0075980424880981
  }
}