{
  "0.05": {
    "mean_closed": 634.125,
    "mean_open": 631.375,
    "hazard_ratio": 1.0,
    "E_ratio": 1.004355573153831
  },
  "0.1": {
    "mean_closed": 2.875,
    "mean_open": 2.625,
    "hazard_ratio": 1.0,
    "E_ratio": 1.0952380952380953
  },
  "0.15": {
    "mean_closed": 1.0,
    "mean_open": 1.0,
    "hazard_ratio": 1.0,
    "E_ratio": 1.0
  },
  "0.2": {
    "mean_closed": 625.875,
    "mean_open": 625.875,
    "hazard_ratio": 1.0,
    "E_ratio": 1.0
  }
}