{
  "0.01": 0.6333333333333332,
  "0.03": 0.6333333333333332,
  "0.05": 0.6333333333333332,
  "0.07": 0.6333333333333332,
  "0.09": 0.6333333333333332,
  "0.1": 0.6333333333333332,
  "0.11": 0.40000000000000013,
  "0.12": 0.40000000000000013,
  "0.13": 0.6333333333333332,
  "0.14": 0.40000000000000013,
  "0.15": 0.40000000000000013,
  "0.18": 0.40000000000000013
}