{
  "drift": [
    0.001,
    0.007862068965517242,
    0.014724137931034484,
    0.021586206896551725,
    0.028448275862068967,
    0.03531034482758621,
    0.04217241379310345,
    0.04903448275862069,
    0.05589655172413793,
    0.06275862068965517,
    0.06962068965517242,
    0.07648275862068965,
    0.0833448275862069,
    0.09020689655172415,
    0.09706896551724138,
    0.10393103448275862,
    0.11079310344827586,
    0.11765517241379311,
    0.12451724137931035,
    0.13137931034482758,
    0.13824137931034483,
    0.14510344827586208,
    0.1519655172413793,
    0.15882758620689655,
    0.1656896551724138,
    0.17255172413793105,
    0.1794137931034483,
    0.18627586206896551,
    0.19313793103448276,
    0.2
  ],
  "eta_max": [
    0.5349824219960687,
    0.5,
    0.5836461015693798,
    0.9563721246701686,
    0.6066539844930002,
    0.5024600307602529,
    0.5261375827396153,
    0.6298815054286347,
    0.774631110452287,
    0.8992316076023295,
    0.9671018737480427,
    0.9918883819864698,
    0.9986330941835632,
    0.9988601332215,
    0.9927839331065827,
    0.9701987749113239,
    0.9068288660552224,
    0.7867719681180371,
    0.6423681204685937,
    0.5347911273172453,
    0.5049417255273638,
    0.5975915801071496,
    0.9962716928876637,
    0.5995011556449715,
    0.5051463306713156,
    0.5340546692929126,
    0.6410114086303145,
    0.7853414062257909,
    0.9058998057606492,
    0.9698093211839071
  ],
  "R": [
    6.585458747845891,
    7.576282784837026,
    5.4046705094023775,
    0.3456155948861569,
    -4.912356502958575,
    -7.502096232442507,
    -6.823530179268442,
    -4.451825231576888,
    -2.2042213578553977,
    -0.849002448450184,
    -0.2577241491737975,
    -0.061958495561773,
    -0.010370240147139718,
    0.00864580812040784,
    0.05506834020546193,
    0.23271778365936083,
    0.7784168375894825,
    2.053296167956039,
    4.218017933745166,
    6.59052439994761,
    7.427988801006501,
    5.101745214618021,
    0.02835241550415399,
    -5.061362219676943,
    -7.421911450818419,
    -6.610060337802479,
    -4.242980777141847,
    -2.0708372126265933,
    -0.7869851358084728,
    -0.2358537035895673
  ],
  "band_centers": [
    0.022,
    0.152
  ]
}