{
  "0.02": {
    "A_baseline": {
      "convergence_ratio": 0.36570009194556186,
      "loss_volatility": 1.6326014765900727,
      "eta_avg": 0.0
    },
    "C_optimal": {
      "convergence_ratio": 0.42192033808420193,
      "loss_volatility": 1.4930028453400754,
      "eta_avg": 0.5094594127922955
    },
    "D_gen_v1": {
      "convergence_ratio": 0.3927007325124604,
      "loss_volatility": 1.5761133611512723,
      "eta_avg": 0.6365739212036331
    },
    "E_gen_v2": {
      "convergence_ratio": 0.3985937943739155,
      "loss_volatility": 1.6201943820536848,
      "eta_avg": 0.4842531873080995,
      "params": {
        "eta_mean": 0.5124134682439686,
        "avg_confidence": 0.9241418199787569,
        "avg_margin": -1.3948983072439094,
        "fallback_dist": {
          "learned": 200,
          "damped": 0,
          "rule": 0
        },
        "probe_survival_rate": 0.9583333333333334,
        "probe_eta_upper_bound": 0.6238660683246585,
        "probe_attempts": 24,
        "near_instability_count": 93
      }
    }
  },
  "0.05": {
    "A_baseline": {
      "convergence_ratio": 0.9478365717152224,
      "loss_volatility": 2.6061607763315506,
      "eta_avg": 0.0
    },
    "C_optimal": {
      "convergence_ratio": 1.0198071865933616,
      "loss_volatility": 2.5426697141331296,
      "eta_avg": 0.5350833167891454
    },
    "D_gen_v1": {
      "convergence_ratio": 1.0907542316686454,
      "loss_volatility": 2.5919533456308077,
      "eta_avg": 0.6479683555072683
    },
    "E_gen_v2": {
      "convergence_ratio": 1.2188736336560189,
      "loss_volatility": 2.5463963874921274,
      "eta_avg": 0.5349771026715447,
      "params": {
        "eta_mean": 0.5981378302970141,
        "avg_confidence": 0.9241418199787569,
        "avg_margin": 1.6740254560428773,
        "fallback_dist": {
          "learned": 200,
          "damped": 0,
          "rule": 0
        },
        "probe_survival_rate": 1.0,
        "probe_eta_upper_bound": 1.0,
        "probe_attempts": 23,
        "near_instability_count": 169
      }
    }
  },
  "0.08": {
    "A_baseline": {
      "convergence_ratio": 0.30957785785105646,
      "loss_volatility": 3.2812983362595185,
      "eta_avg": 0.0
    },
    "C_optimal": {
      "convergence_ratio": 1.510611877165433,
      "loss_volatility": 2.909460779255963,
      "eta_avg": 0.5337862792942623
    },
    "D_gen_v1": {
      "convergence_ratio": 3.6659639803219397,
      "loss_volatility": 2.5746255861540437,
      "eta_avg": 0.6552406514902964
    },
    "E_gen_v2": {
      "convergence_ratio": 1.7661738940975715,
      "loss_volatility": 2.8862473335416903,
      "eta_avg": 0.5578551358514919,
      "params": {
        "eta_mean": 0.582498158900057,
        "avg_confidence": 0.9241418199787569,
        "avg_margin": 2.060387782647096,
        "fallback_dist": {
          "learned": 200,
          "damped": 0,
          "rule": 0
        },
        "probe_survival_rate": 1.0,
        "probe_eta_upper_bound": 1.0,
        "probe_attempts": 23,
        "near_instability_count": 245
      }
    }
  },
  "0.1": {
    "A_baseline": {
      "convergence_ratio": 0.47968472674051993,
      "loss_volatility": 3.3560274242143944,
      "eta_avg": 0.0
    },
    "C_optimal": {
      "convergence_ratio": 1.460266554026059,
      "loss_volatility": 3.0974494613286527,
      "eta_avg": 0.5333393295752076
    },
    "D_gen_v1": {
      "convergence_ratio": 1.8336059624265033,
      "loss_volatility": 2.995249456670644,
      "eta_avg": 0.6604658368610605
    },
    "E_gen_v2": {
      "convergence_ratio": 2.0810552011992347,
      "loss_volatility": 2.9031781511135724,
      "eta_avg": 0.5617794179084863,
      "params": {
        "eta_mean": 0.5755558928668354,
        "avg_confidence": 0.9241418199787569,
        "avg_margin": 2.1139773241953144,
        "fallback_dist": {
          "learned": 200,
          "damped": 0,
          "rule": 0
        },
        "probe_survival_rate": 1.0,
        "probe_eta_upper_bound": 1.0,
        "probe_attempts": 21,
        "near_instability_count": 268
      }
    }
  },
  "0.12": {
    "A_baseline": {
      "convergence_ratio": 3.5006777348547833,
      "loss_volatility": 2.406871280682097,
      "eta_avg": 0.0
    },
    "C_optimal": {
      "convergence_ratio": 0.5276479302608448,
      "loss_volatility": 3.4243351334441887,
      "eta_avg": 0.5331928965872563
    },
    "D_gen_v1": {
      "convergence_ratio": 3.3569801835415625,
      "loss_volatility": 2.8738998679439813,
      "eta_avg": 0.6653872231516306
    },
    "E_gen_v2": {
      "convergence_ratio": 2.1036665942792308,
      "loss_volatility": 3.01563496697169,
      "eta_avg": 0.5712584595780529,
      "params": {
        "eta_mean": 0.5737727177739373,
        "avg_confidence": 0.9241418199787569,
        "avg_margin": 2.1609307621206346,
        "fallback_dist": {
          "learned": 200,
          "damped": 0,
          "rule": 0
        },
        "probe_survival_rate": 1.0,
        "probe_eta_upper_bound": 1.0,
        "probe_attempts": 22,
        "near_instability_count": 295
      }
    }
  },
  "0.14": {
    "A_baseline": {
      "convergence_ratio": 0.632068424399121,
      "loss_volatility": 3.371231372121785,
      "eta_avg": 0.0
    },
    "C_optimal": {
      "convergence_ratio": 0.6138461807147623,
      "loss_volatility": 3.372094485897043,
      "eta_avg": 0.5330885052955024
    },
    "D_gen_v1": {
      "convergence_ratio": 2.7041282391854478,
      "loss_volatility": 2.92818318310214,
      "eta_avg": 0.6696836503752487
    },
    "E_gen_v2": {
      "convergence_ratio": 1.9671686443137746,
      "loss_volatility": 3.116209657083126,
      "eta_avg": 0.5766582863525798,
      "params": {
        "eta_mean": 0.5751823294095987,
        "avg_confidence": 0.9241418199787569,
        "avg_margin": 2.069401012689978,
        "fallback_dist": {
          "learned": 200,
          "damped": 0,
          "rule": 0
        },
        "probe_survival_rate": 1.0,
        "probe_eta_upper_bound": 1.0,
        "probe_attempts": 23,
        "near_instability_count": 313
      }
    }
  }
}