{
  "type": "fsm",
  "classifier_accuracy": 0.9532916666666666,
  "features": [
    "drift",
    "loss",
    "loss_z",
    "drift_z"
  ],
  "hysteresis": 3,
  "state_functions": {
    "DANGER": {
      "type": "constant",
      "value": 0.613472333261343,
      "mse": 0.19163327698451016,
      "n": 612
    },
    "PROBE": {
      "type": "constant",
      "value": 0.5657104992136913,
      "mse": 0.2068998596549462,
      "n": 1122
    },
    "SAFE": {
      "type": "constant",
      "value": 0.5319852678628764,
      "mse": 0.20020622528568896,
      "n": 21306
    },
    "WARNING": {
      "type": "constant",
      "value": 0.4870744808963246,
      "mse": 0.20934573651527888,
      "n": 960
    }
  },
  "hardcoded": {
    "DANGER": 0.3,
    "WARNING": 0.4,
    "clamp": [
      0.01,
      1.0
    ]
  }
}