{
  "type": "hybrid_fsm_pwl",
  "segments": [
    {
      "d_start": 0.0,
      "d_end": 135.49000001000002,
      "k": 0.009736117048137939,
      "b": 0.4117484442845595,
      "n": 21129,
      "mean_eta": 0.49453945261558213
    }
  ],
  "decreasing": 