{
  "no_margin": {
    "0.02": {
      "mean": 1.454848150308777,
      "std": 1.7907421849404912,
      "raw": [
        3.9371421551704406,
        0.000579789307429337,
        3.3340078949928285,
        0.0024973339616806813,
        1.3578111506546975e-05
      ]
    },
    "0.04": {
      "mean": 1.6429122990909135,
      "std": 2.3685198815572166,
      "raw": [
        5.6154855847125874e-05,
        0.002804541080167837,
        0.00037313347431791046,
        2.12674023270607,
        6.084587433338165
      ]
    },
    "0.06": {
      "mean": 0.42834330425851264,
      "std": 0.8549715513699119,
      "raw": [
        0.00011305822060307947,
        0.003069174228130578,
        0.00022741316226529307,
        2.1382848769426346,
        2.1998738929482898e-05
      ]
    },
    "0.08": {
      "mean": 0.44582298226940076,
      "std": 0.8900351785984687,
      "raw": [
        7.582085201192968e-05,
        0.0028360490875638787,
        0.0002825345965686665,
        2.2258920961618425,
        2.841064901701884e-05
      ]
    },
    "0.1": {
      "mean": 1.6807087581823008,
      "std": 2.3956733387201194,
      "raw": [
        7.245872407565912e-05,
        0.0029120849562423246,
        0.00028006741970898474,
        2.2587728464603423,
        6.141506333351135
      ]
    },
    "0.12": {
      "mean": 1.190645684289331,
      "std": 1.5189217811412374,
      "raw": [
        3.6544759631156922,
        0.003113902277291345,
        0.0002739038301376695,
        2.295342736244202,
        2.1915979332050028e-05
      ]
    },
    "0.14": {
      "mean": 0.5590444241558642,
      "std": 1.1156011627706501,
      "raw": [
        0.00010522789916990405,
        0.0032467590927808486,
        2.7902454996109007,
        0.0016161953242044547,
        8.438852265157949e-06
      ]
    }
  },
  "margin_feat": {
    "0.02": {
      "mean": 1.454764036589983,
      "std": 1.7906412268918013,
      "raw": [
        3.936998127698898,
        0.0005794819528944118,
        3.33372331738472,
        0.002505520621324422,
        1.373529207910451e-05
      ]
    },
    "0.04": {
      "mean": 1.6421410044741975,
      "std": 2.368380939690274,
      "raw": [
        5.6158571686637516e-05,
        0.002804559964351938,
        0.00037314711860290115,
        2.1228295522928238,
        6.084641604423523
      ]
    },
    "0.06": {
      "mean": 0.42795983295041856,
      "std": 0.8542045979550986,
      "raw": [
        0.00011307150888228534,
        0.003069170282306004,
        0.00022742396609828574,
        2.136367497444153,
        2.2001550653385494e-05
      ]
    },
    "0.08": {
      "mean": 0.4456014926625464,
      "std": 0.8895921968564112,
      "raw": [
        7.58150828289672e-05,
        0.0028360445731595973,
        0.0002825485808591566,
        2.224784642457962,
        2.841261792241312e-05
      ]
    },
    "0.1": {
      "mean": 1.680505894304119,
      "std": 2.3956448769320544,
      "raw": [
        7.245175167895468e-05,
        0.0029120781051096855,
        0.000280083894793961,
        2.257695438861847,
        6.1415694189071655
      ]
    },
    "0.12": {
      "mean": 1.1907553771571844,
      "std": 1.5191465644699165,
      "raw": [
        3.655286110639572,
        0.0031138977456976135,
        0.0002739290827548757,
        2.2950810313224794,
        2.1916995418678198e-05
      ]
    },
    "0.14": {
      "mean": 0.5590365104500442,
      "std": 1.1155853028668665,
      "raw": [
        0.00010527370554655135,
        0.0032467554797403863,
        2.790205866098404,
        0.0016162174163400777,
        8.439550190075806e-06
      ]
    }
  }
}