{"drift": [0.005, 0.02, 0.08], "S": [1.073986275969425, 1.2294594771001146, 0.837399089517002]}