{
  "drift": [
    0.001,
    0.007862068965517242,
    0.014724137931034484,
    0.021586206896551725,
    0.028448275862068967,
    0.03531034482758621,
    0.04217241379310345,
    0.04903448275862069,
    0.05589655172413793,
    0.06275862068965517,
    0.06962068965517242,
    0.07648275862068965,
    0.0833448275862069,
    0.09020689655172415,
    0.09706896551724138,
    0.10393103448275862,
    0.11079310344827586,
    0.11765517241379311,
    0.12451724137931035,
    0.13137931034482758,
    0.13824137931034483,
    0.14510344827586208,
    0.1519655172413793,
    0.15882758620689655,
    0.1656896551724138,
    0.17255172413793105,
    0.1794137931034483,
    0.18627586206896551,
    0.19313793103448276,
    0.2
  ],
  "S": [
    0.16737686199012553,
    0.1786839466997826,
    0.1875,
    0.1875,
    0.1875,
    0.027903919129819127,
    -0.07161222201966208,
    -0.024401411473915363,
    -0.02848547683010097,
    -0.022505532103622855,
    0.021867364628194996,
    -0.11329248475722159,
    0.059561463853619684,
    0.01055903581249365,
    0.00694873769989518,
    0.1837090723279233,
    -0.031338919168854895,
    0.10338597205041375,
    0.023082545909426183,
    0.031751157073899056,
    0.07747014752386032,
    0.08220218660250364,
    0.1837090723279233,
    -0.02037452985821092,
    -0.020116576187108826,
    0.1875,
    0.03817422224508399,
    0.05607853424981274,
    -0.02270072966565384,
    0.08725775573763944
  ],
  "dS_dd": [
    1.6477661134676143,
    1.4662587997144687,
    0.6423757429806649,
    0.0,
    -11.628860163907651,
    -18.880036277814575,
    -3.8111924309253773,
    3.1424010314001816,
    0.1381419641670425,
    3.668925633895931,
    -6.615129715965764,
    2.7465549686866773,
    9.024357026436528,
    -3.833590599140723,
    12.616459947104183,
    -2.7898041437028365,
    -5.852688211175314,
    3.965383133844569,
    -5.219622196781227,
    3.9629156955240887,
    3.6760800410289733,
    7.741027184215681,
    -7.474182857690174,
    -14.851617605366648,
    15.14663659770882,
    4.247319483752738,
    -9.575935946621644,
    -4.435612073897959,
    2.271852821977321,
    16.024100887917093
  ],
  "dS_norm": [
    0.5881194623987115,
    0.582919296216711,
    0.559315129965994,
    0.5409111298972772,
    0.20774546230435284,
    0.0,
    0.4317208522021952,
    0.6309406016352306,
    0.5448688831994586,
    0.6460254782458414,
    0.3513883325663876,
    0.6195996519730017,
    0.7994580460121676,
    0.4310791469480994,
    0.9023714313963276,
    0.4609835233314129,
    0.37323220456791534,
    0.6545189556366753,
    0.39136948185418063,
    0.6544482637783418,
    0.6462304512866309,
    0.7626907758241189,
    0.3267765469376714,
    0.1154137875451861,
    0.9748607365427625,
    0.662596403547469,
    0.2665615335038832,
    0.41383129258269163,
    0.6059994834795255,
    0.999999999713501
  ],
  "R_norm": [
    0.9342884241602791,
    0.9999999993367987,
    0.8559783991697112,
    0.5204612387797602,
    0.17175186568785814,
    0.0,
    0.045002586282412424,
    0.20229435772553025,
    0.3513557302812383,
    0.44123401938336104,
    0.4804476708114526,
    0.4934308736648793,
    0.496852213274482,
    0.49811335999543543,
    0.5011921081818995,
    0.5129738416913502,
    0.5491646718159182,
    0.6337148298972389,
    0.7772794505950442,
    0.9346243788469569,
    0.9901651236142667,
    0.835888355390051,
    0.4994203046841247,
    0.16186978775038294,
    0.00531786483673207,
    0.059159933108603534,
    0.21614494830010084,
    0.36020178362606325,
    0.44534701538442395,
    0.48189812152267714
  ],
  "correlation_dS_R": 0.2733398107733782,
  "components": {
    "var_z": [
      0.18255001306533813,
      0.18501248955726624,
      0.1875,
      0.1875,
      0.1875,
      0.14226248860359192,
      0.09571249783039093,
      0.09838750213384628,
      0.08713750541210175,
      0.08946249634027481,
      0.1025875061750412,
      0.0635874941945076,
      0.11010000109672546,
      0.11055000126361847,
      0.12029999494552612,
      0.18501248955726624,
      0.027512501925230026,
      0.13661248981952667,
      0.11921249330043793,
      0.1155874952673912,
      0.14823751151561737,
      0.14026249945163727,
      0.18501248955726624,
      0.09501250088214874,
      0.10116250813007355,
      0.1875,
      0.11783749610185623,
      0.13138750195503235,
      0.0992875024676323,
      0.1434124857187271
    ],
    "switch_rate": [
      0.005025125628140704,
      0.005025125628140704,
      0.0,
      0.0,
      0.0,
      0.010050251256281407,
      0.04020100502512563,
      0.08040201005025126,
      0.10552763819095477,
      0.10552763819095477,
      0.11557788944723618,
      0.09045226130653267,
      0.16080402010050251,
      0.07537688442211055,
      0.04522613065326633,
      0.010050251256281407,
      0.32160804020100503,
      0.09547738693467336,
      0.08040201005025126,
      0.11557788944723618,
      0.04522613065326633,
      0.07035175879396985,
      0.010050251256281407,
      0.08542713567839195,
      0.09045226130653267,
      0.0,
      0.09547738693467336,
      0.08542713567839195,
      0.10552763819095477,
      0.08040201005025126
    ],
    "entropy": [
      0.04039655340670661,
      0.02270733697124866,
      -0.0,
      -0.0,
      -0.0,
      0.24881764146010837,
      0.4150514497503573,
      0.40638184731602583,
      0.442301240866315,
      0.4349913332697049,
      0.39259606198816477,
      0.5346644805165237,
      0.42268511468721665,
      0.35073569974647073,
      0.31715477579779455,
      0.02270733697124866,
      0.7609189225901799,
      0.2574078094075726,
      0.35306391488252603,
      0.39882845528145666,
      0.23198698929004677,
      0.25682414328620695,
      0.02270733697124866,
      0.4016283328375032,
      0.4234626912474301,
      -0.0,
      0.3502813215828912,
      0.3214722067672231,
      0.45503174064848184,
      0.2731134800626779
    ]
  }
}