{
  "type": "quadratic",
  "mse": 0.0032846591450043654,
  "r2": 0.9836663340450137,
  "input_names": [
    "drift",
    "d1",
    "d2",
    "d_prev",
    "eta_prev",
    "margin"
  ],
  "mu": [
    37.85761875000001,
    0.09476250000003136,
    0.00011874999999999969,
    37.76285625,
    0.5334956498441288,
    1.0219550693665516
  ],
  "sigma": [
    32.22078930848175,
    0.05139012182854922,
    0.003814246284959012,
    32.18806907338648,
    0.4481421179949019,
    0.8841165320903448
  ],
  "w": [
    0.0043178024344626195,
    -0.0005320450294478366,
    -0.01730351252489698,
    0.00432304106400702,
    0.4430599544431457,
    -0.011164253323963797,
    0.000574014911449509,
    -0.0051199627174281885,
    0.0005495746300228013,
    0.0005827727344185798,
    0.00040918934010514285,
    -0.0030647674395643445,
    0.0012014891112826856,
    0.0010610234217388887,
    -0.005127085575748201,
    0.00169372476268063,
    0.010920198125252615,
    0.00016475015280689932,
    0.0005484393052624418,
    -0.03110378062239665,
    0.009700284223785664,
    0.0005915508320606536,
    0.0004069011646220679,
    -0.0030853176074439655,
    -0.007194437220517648,
    0.0007665004428606144,
    0.007861989184535456,
    0.5370881423073126
  ],
  "b": null
}