{
  "0.01": 0.5854923437824427,
  "0.028888888888888888": 0.5556064488940698,
  "0.04777777777777777": 0.5253086047610477,
  "0.06666666666666665": 0.49533071201658574,
  "0.08555555555555554": 0.4658580646960707,
  "0.10444444444444442": 0.4371213496180832,
  "0.12333333333333331": 0.4075459414114976,
  "0.1422222222222222": 0.3774259085895178,
  "0.1611111111111111": 0.3470384487696247,
  "0.18": 0.3175383318016595
}