{
  "eff_rank_vs_d": {
    "d2": {
      "mean": 1.3464631938028924,
      "std": 0.24444693642744972
    },
    "d5": {
      "mean": 1.7898301363676559,
      "std": 0.09319709708754376
    },
    "d10": {
      "mean": 1.8135262090093156,
      "std": 0.1199520136840515
    },
    "d20": {
      "mean": 1.78968035199938,
      "std": 0.09491618176518118
    },
    "d50": {
      "mean": 1.7237741048917887,
      "std": 0.11819200459061768
    },
    "d100": {
      "mean": 1.5570735510847926,
      "std": 0.23912556187631268
    }
  },
  "k90_vs_d": {
    "d2": {
      "mean": 1.4,
      "std": 0.4898979485566356
    },
    "d5": {
      "mean": 2.0,
      "std": 0.0
    },
    "d10": {
      "mean": 2.0,
      "std": 0.0
    },
    "d20": {
      "mean": 1.8,
      "std": 0.4
    },
    "d50": {
      "mean": 2.0,
      "std": 0.0
    },
    "d100": {
      "mean": 1.8,
      "std": 0.4
    }
  },
  "cos_sim_top_pc_ds_vs_d": {
    "d2": {
      "mean": 0.8320680115955918,
      "std": 0.15228071120607828
    },
    "d5": {
      "mean": 0.6738385407243975,
      "std": 0.2774385498077898
    },
    "d10": {
      "mean": 0.7270585477458769,
      "std": 0.25345130474281585
    },
    "d20": {
      "mean": 0.9938301819328629,
      "std": 0.005425852589241429
    },
    "d50": {
      "mean": 0.6769006085044652,
      "std": 0.28887110984141184
    },
    "d100": {
      "mean": 0.6338872169543286,
      "std": 0.3149250381626574
    }
  }
}