{
  "cos_sim_mean_vs_d": {
    "d2": {
      "mean": 0.25356669338235294,
      "std": 0.7328550240089409
    },
    "d5": {
      "mean": -0.1886753776226914,
      "std": 0.6320119172552485
    },
    "d10": {
      "mean": 0.29077193072861574,
      "std": 0.520595814890085
    },
    "d20": {
      "mean": -0.21198398597689766,
      "std": 0.5393847878507959
    },
    "d50": {
      "mean": -0.8574264542780053,
      "std": 0.08168925302576652
    },
    "d100": {
      "mean": 0.020938766787613174,
      "std": 0.6583255510376954
    }
  },
  "proj_efficiency_mean_vs_d": {
    "d2": {
      "mean": 0.958773018151509,
      "std": 0.02520654914630868
    },
    "d5": {
      "mean": 0.6437397560997553,
      "std": 0.24872012375270108
    },
    "d10": {
      "mean": 0.7323060928134043,
      "std": 0.12245709650513416
    },
    "d20": {
      "mean": 0.879575511564668,
      "std": 0.016471126706393547
    },
    "d50": {
      "mean": 0.9024645471765335,
      "std": 0.03377129572054498
    },
    "d100": {
      "mean": 0.7577237447737518,
      "std": 0.1687659777422416
    }
  },
  "frac_cos_positive_vs_d": {
    "d2": {
      "mean": 0.9946666666666667,
      "std": 0.007542472332656513
    },
    "d5": {
      "mean": 0.06,
      "std": 0.06118823416311341
    },
    "d10": {
      "mean": 0.9579999999999999,
      "std": 0.055160372249166936
    },
    "d20": {
      "mean": 0.4096,
      "std": 0.34413811180977905
    },
    "d50": {
      "mean": 0.03333333333333333,
      "std": 0.040276819911981905
    },
    "d100": {
      "mean": 0.5408,
      "std": 0.37312646649628056
    }
  }
}