{
  "eff_raw_mean_vs_d": {
    "d2": {
      "mean": 7.093374311923981,
      "std": 6.254005383052345
    },
    "d5": {
      "mean": 0.9934623042742411,
      "std": 0.12944549971278677
    },
    "d10": {
      "mean": 2.659085601568222,
      "std": 2.1049879602177297
    },
    "d20": {
      "mean": 10.840349704027176,
      "std": 10.44545254780752
    },
    "d50": {
      "mean": 2.51980721950531,
      "std": 0.8723183942863153
    },
    "d100": {
      "mean": 20.046586990356445,
      "std": 10.809428916064679
    }
  },
  "eff_net_mean_vs_d": {
    "d2": {
      "mean": 0.19333027303218842,
      "std": 0.016923772514885988
    },
    "d5": {
      "mean": 0.17511286213994026,
      "std": 0.0021726492469409447
    },
    "d10": {
      "mean": 0.1747575432062149,
      "std": 0.0039135953134011945
    },
    "d20": {
      "mean": 0.17537496238946915,
      "std": 0.0013278201279694271
    },
    "d50": {
      "mean": 0.18230581283569336,
      "std": 0.00845677828696011
    },
    "d100": {
      "mean": 0.22229442596435547,
      "std": 0.045263277561839024
    }
  },
  "net_effect_mean_vs_d": {
    "d2": {
      "mean": 0.0043583178776316345,
      "std": 0.0036396477881892077
    },
    "d5": {
      "mean": 0.010570741258561611,
      "std": 0.005143884032991026
    },
    "d10": {
      "mean": 0.006607110588811338,
      "std": 0.004409772386185134
    },
    "d20": {
      "mean": 0.0017770732083590701,
      "std": 0.0018633693645136104
    },
    "d50": {
      "mean": 0.0041211759205907585,
      "std": 0.0029388669586840116
    },
    "d100": {
      "mean": 0.0011631542147370055,
      "std": 0.00037325038199490456
    }
  },
  "action_norm_mean_vs_d": {
    "d2": {
      "mean": 0.013120820124944052,
      "std": 0.0031014899307209988
    },
    "d5": {
      "mean": 0.05047609675675631,
      "std": 0.03386052332819556
    },
    "d10": {
      "mean": 0.03889746936038137,
      "std": 0.025921070163496106
    },
    "d20": {
      "mean": 0.010466404404724017,
      "std": 0.010823107394798746
    },
    "d50": {
      "mean": 0.024049338372424244,
      "std": 0.016835826076841115
    },
    "d100": {
      "mean": 0.006598760955967009,
      "std": 0.0027226787209188082
    }
  }
}