{
  "jac_frob_mean_vs_d": {
    "d2": {
      "mean": 0.14142189646432177,
      "std": 1.8618846651566595e-06
    },
    "d5": {
      "mean": 0.14142132750855801,
      "std": 6.795575904338424e-07
    },
    "d10": {
      "mean": 0.14142181924063144,
      "std": 1.3136134212412268e-07
    },
    "d20": {
      "mean": 0.14142115890860343,
      "std": 7.318099348467521e-07
    },
    "d50": {
      "mean": 0.14142202289858705,
      "std": 1.58486173088191e-06
    },
    "d100": {
      "mean": 0.1414208427711281,
      "std": 1.926332842699991e-06
    }
  },
  "jac_cond_mean_vs_d": {
    "d2": {
      "mean": 1.000141877794337,
      "std": 1.2694807415170046e-05
    },
    "d5": {
      "mean": 1.0001516393442622,
      "std": 2.6607408452499235e-06
    },
    "d10": {
      "mean": 1.0001415797317437,
      "std": 5.053897155808903e-06
    },
    "d20": {
      "mean": 1.000144560357675,
      "std": 6.7312010675057614e-06
    },
    "d50": {
      "mean": 1.0001352459016393,
      "std": 3.995456518111928e-06
    },
    "d100": {
      "mean": 1.0001377049180327,
      "std": 7.397719013995812e-06
    }
  },
  "jac_cond_median_vs_d": {
    "d2": {
      "mean": 1.000119225037258,
      "std": 0.00014602025292299932
    },
    "d5": {
      "mean": 1.0001788375558867,
      "std": 0.00014602025292299932
    },
    "d10": {
      "mean": 1.000059612518629,
      "std": 0.00011922503725783074
    },
    "d20": {
      "mean": 1.000119225037258,
      "std": 0.00014602025292299932
    },
    "d50": {
      "mean": 1.000059612518629,
      "std": 0.00011922503725783074
    },
    "d100": {
      "mean": 1.0,
      "std": 0.0
    }
  }
}