{
  "slope_vs_d": {
    "d4": {
      "mean": 4.70579890360496,
      "std": 6.387728768323679
    },
    "d8": {
      "mean": 0.42429325673994933,
      "std": 7.239899830555455
    },
    "d16": {
      "mean": 3.242295810004617,
      "std": 5.932084177784408
    },
    "d32": {
      "mean": 2.9161492073217925,
      "std": 4.266706098417676
    }
  },
  "inflection_vs_d": {
    "d4": {
      "mean": -0.588254563975484,
      "std": 0.45295431968322686
    },
    "d8": {
      "mean": -0.5043002463741351,
      "std": 0.4086985809737409
    },
    "d16": {
      "mean": -0.1879074690445814,
      "std": 0.1392666657648816
    },
    "d32": {
      "mean": -0.31407132347769817,
      "std": 0.23936905924367727
    }
  },
  "best_components_vs_d": {
    "d4": {
      "mean": 2.0,
      "std": 0.0
    },
    "d8": {
      "mean": 2.0,
      "std": 0.0
    },
    "d16": {
      "mean": 2.0,
      "std": 0.0
    },
    "d32": {
      "mean": 2.0,
      "std": 0.0
    }
  }
}