{
  "rho_panic_g_vs_d": {
    "d4": {
      "mean": -0.13631990908602903,
      "std": 0.02440726178261007
    },
    "d8": {
      "mean": -0.15160496907835758,
      "std": 0.010972228264273
    },
    "d16": {
      "mean": -0.15363460407381896,
      "std": 0.0333153335476634
    },
    "d32": {
      "mean": -0.18733530298860904,
      "std": 0.03503616615050342
    }
  },
  "fpr_vs_d": {
    "d4": {
      "mean": 0.39842500000000003,
      "std": 0.02607152421704569
    },
    "d8": {
      "mean": 0.40392500000000003,
      "std": 0.020255847921032584
    },
    "d16": {
      "mean": 0.409975,
      "std": 0.024026534810496512
    },
    "d32": {
      "mean": 0.422025,
      "std": 0.017060901939815496
    }
  },
  "fnr_vs_d": {
    "d4": {
      "mean": 0.6369,
      "std": 0.005284884104689516
    },
    "d8": {
      "mean": 0.6452,
      "std": 0.011143608033307679
    },
    "d16": {
      "mean": 0.64685,
      "std": 0.0076757735766501195
    },
    "d32": {
      "mean": 0.661475,
      "std": 0.008532254977437098
    }
  },
  "false_panic_trigger_vs_d": {
    "d4": {
      "mean": 0.5,
      "std": 0.4409585518440984
    },
    "d8": {
      "mean": 0.5833333333333333,
      "std": 0.5204164998665332
    },
    "d16": {
      "mean": 0.5,
      "std": 0.28867513459481287
    },
    "d32": {
      "mean": 0.49999999999999994,
      "std": 0.4409585518440984
    }
  },
  "noise_floor_vs_d": {
    "d4": {
      "mean": 0.8298133640836003,
      "std": 0.0024444756022532392
    },
    "d8": {
      "mean": 0.8285317959850353,
      "std": 0.0017888136005683405
    },
    "d16": {
      "mean": 0.8272516281065709,
      "std": 0.002474589639082705
    },
    "d32": {
      "mean": 0.828439881323245,
      "std": 0.002077782359383934
    }
  }
}