{
  "per_seed": {
    "0": {
      "cost_closed": 1.208490210541884,
      "std_closed": 0.0037659157248235895,
      "cost_offline": 1.2089202055700257,
      "std_offline": 0.002448026026997235,
      "cost_pseudo": 1.213581655201727,
      "std_pseudo": 0.010099360348077808,
      "cost_random": 1.2163725693830896,
      "r_ratio": 0.9996443147974858,
      "cost_pseudo_over_closed": 1.0042130623942414,
      "wasserstein": 0.017537842571735383
    },
    "1": {
      "cost_closed": 1.2398234906975583,
      "std_closed": 0.018095922279606085,
      "cost_offline": 1.2190316639764514,
      "std_offline": 0.0232489416305683,
      "cost_pseudo": 1.206442710872367,
      "std_pseudo": 0.0032852474230052795,
      "cost_random": 1.2150808349034412,
      "r_ratio": 1.0170560185887907,
      "cost_pseudo_over_closed": 0.9730761837667632,
      "wasserstein": 0.0005410255938768385
    },
    "2": {
      "cost_closed": 1.2152575066583984,
      "std_closed": 0.003460983661475873,
      "cost_offline": 1.2159140828210138,
      "std_offline": 0.0017183441605803072,
      "cost_pseudo": 1.2186215620220426,
      "std_pseudo": 0.009932005409568402,
      "cost_random": 1.2163972611202356,
      "r_ratio": 0.9994600143448523,
      "cost_pseudo_over_closed": 1.0027681831588882,
      "wasserstein": 0.000152409553527832
    },
    "3": {
      "cost_closed": 1.2122618873510287,
      "std_closed": 0.003567810805673564,
      "cost_offline": 1.2132281501022832,
      "std_offline": 0.01451473685093648,
      "cost_pseudo": 1.211366822915183,
      "std_pseudo": 0.007232406480523133,
      "cost_random": 1.2165998402973115,
      "r_ratio": 0.9992035605576963,
      "cost_pseudo_over_closed": 0.9992616575302871,
      "wasserstein": 0.00043847464025020594
    },
    "4": {
      "cost_closed": 1.2069259904666687,
      "std_closed": 0.01620709593667696,
      "cost_offline": 1.2417560159942311,
      "std_offline": 0.024775162862339276,
      "cost_pseudo": 1.2138231241029958,
      "std_pseudo": 0.0012547043288334211,
      "cost_random": 1.214367668404271,
      "r_ratio": 0.9719509911134393,
      "cost_pseudo_over_closed": 1.0057146284783047,
      "wasserstein": 0.00038743539899587626
    },
    "5": {
      "cost_closed": 1.2153948151989964,
      "std_closed": 0.0062273364825272005,
      "cost_offline": 1.217271530484162,
      "std_offline": 0.002069928031005083,
      "cost_pseudo": 1.2197801683619767,
      "std_pseudo": 0.018866011921717597,
      "cost_random": 1.2151871347487357,
      "r_ratio": 0.9984582607592745,
      "cost_pseudo_over_closed": 1.0036081716888534,
      "wasserstein": 0.0006025813705637122
    },
    "6": {
      "cost_closed": 1.1997960521356366,
      "std_closed": 0.022737308407807195,
      "cost_offline": 1.2002197644275523,
      "std_offline": 0.007382026227033262,
      "cost_pseudo": 1.2189941392111068,
      "std_pseudo": 0.00483606176786806,
      "cost_random": 1.2161916832252584,
      "r_ratio": 0.9996469710760697,
      "cost_pseudo_over_closed": 1.016001125392351,
      "wasserstein": 0.03087287141382694
    },
    "7": {
      "cost_closed": 1.213613115520815,
      "std_closed": 0.006212518817189236,
      "cost_offline": 1.227558204955743,
      "std_offline": 0.015364001147613061,
      "cost_pseudo": 1.2237495572357464,
      "std_pseudo": 0.020274138066005996,
      "cost_random": 1.212576234330853,
      "r_ratio": 0.9886399770058718,
      "cost_pseudo_over_closed": 1.0083522842537684,
      "wasserstein": 0.01580287869647145
    }
  },
  "aggregated": {
    "cost_closed": {
      "mean": 1.2139453835713732,
      "std": 0.010929763729563585
    },
    "cost_offline": {
      "mean": 1.2179874522914327,
      "std": 0.01163508896912859
    },
    "cost_pseudo": {
      "mean": 1.2157949674903932,
      "std": 0.005162869190293739
    },
    "cost_random": {
      "mean": 1.2153466533016495,
      "std": 0.0012830906098711516
    },
    "r_ratio": {
      "mean": 0.9967575135304351,
      "std": 0.011864595681943802
    },
    "cost_pseudo_over_closed": {
      "mean": 1.0016244120829323,
      "std": 0.011732500765182096
    },
    "wasserstein": {
      "mean": 0.00829193990490603,
      "std": 0.010962506301482785
    }
  }
}