{
  "per_seed": {
    "0": {
      "d": 64,
      "seed": 0,
      "r_closed": {
        "r_max_abs": 0.13245950583802335,
        "r_mean_abs": 0.06895565982263929,
        "r_matrix": [
          [
            0.13245950583802335,
            0.05250721802887212
          ],
          [
            -0.051662414649658595,
            0.03919350077400309
          ]
        ]
      },
      "r_pseudo": {
        "r_max_abs": 0.13534220536882147,
        "r_mean_abs": 0.06282761931047723,
        "r_matrix": [
          [
            0.03333709334837339,
            0.05876317905271621
          ],
          [
            -0.13534220536882147,
            -0.023867999471997886
          ]
        ]
      },
      "dist_metrics": {
        "w1_close_open": 0.8550240023913793,
        "w1_pseudo_open": 1.7075628022733147,
        "w1_close_pseudo": 0.8559950878024101,
        "w2_close_open": 1.696597964347443,
        "w2_pseudo_open": 2.41565072142196,
        "w2_close_pseudo": 1.7053533530372078,
        "pseudo_ratio": 1.4238203582609412
      },
      "verdict": {
        "pass_all": false,
        "criteria": {
          "c1_correlation": {
            "pass": false,
            "r_closed": 0.13245950583802335,
            "r_pseudo": 0.13534220536882147
          },
          "c2_wasserstein": {
            "pass": true,
            "w2_close_open": 1.696597964347443
          },
          "c3_pseudo_ratio": {
            "pass": false,
            "pseudo_ratio": 1.4238203582609412
          }
        }
      }
    },
    "1": {
      "d": 64,
      "seed": 1,
      "r_closed": {
        "r_max_abs": 0.17560265441061765,
        "r_mean_abs": 0.10675437101748406,
        "r_matrix": [
          [
            0.0737631430525722,
            -0.10753319813279252
          ],
          [
            -0.0701184884739539,
            0.17560265441061765
          ]
        ]
      },
      "r_pseudo": {
        "r_max_abs": 0.2734833019332077,
        "r_mean_abs": 0.15220880083520333,
        "r_matrix": [
          [
            0.07620932883731535,
            -0.19964911859647438
          ],
          [
            0.0594934539738159,
            0.2734833019332077
          ]
        ]
      },
      "dist_metrics": {
        "w1_close_open": 0.006643129557371141,
        "w1_pseudo_open": 0.012914075240492824,
        "w1_close_pseudo": 0.014424633160233503,
        "w2_close_open": 0.012140684184265303,
        "w2_pseudo_open": 0.06385160922755616,
        "w2_close_pseudo": 0.0627537627389612,
        "pseudo_ratio": 5.259308969613903
      },
      "verdict": {
        "pass_all": false,
        "criteria": {
          "c1_correlation": {
            "pass": false,
            "r_closed": 0.17560265441061765,
            "r_pseudo": 0.2734833019332077
          },
          "c2_wasserstein": {
            "pass": true,
            "w2_close_open": 0.012140684184265303
          },
          "c3_pseudo_ratio": {
            "pass": false,
            "pseudo_ratio": 5.259308969613903
          }
        }
      }
    },
    "2": {
      "d": 64,
      "seed": 2,
      "r_closed": {
        "r_max_abs": 0.12141466165864664,
        "r_mean_abs": 0.07025864903459614,
        "r_matrix": [
          [
            0.10181685526742106,
            0.12141466165864664
          ],
          [
            -0.00919059676238705,
            0.0486124824499298
          ]
        ]
      },
      "r_pseudo": {
        "r_max_abs": 0.1353608294433178,
        "r_mean_abs": 0.09725460501842008,
        "r_matrix": [
          [
            0.130375049500198,
            0.04073862695450782
          ],
          [
            0.1353608294433178,
            0.0825439141756567
          ]
        ]
      },
      "dist_metrics": {
        "w1_close_open": 0.8674444164782761,
        "w1_pseudo_open": 0.8553508694581687,
        "w1_close_pseudo": 1.720883219834417,
        "w2_close_open": 1.7176180948706947,
        "w2_pseudo_open": 1.7072888638873642,
        "w2_close_pseudo": 2.4341546122062856,
        "pseudo_ratio": 0.9939863052129129
      },
      "verdict": {
        "pass_all": false,
        "criteria": {
          "c1_correlation": {
            "pass": false,
            "r_closed": 0.12141466165864664,
            "r_pseudo": 0.1353608294433178
          },
          "c2_wasserstein": {
            "pass": true,
            "w2_close_open": 1.7176180948706947
          },
          "c3_pseudo_ratio": {
            "pass": false,
            "pseudo_ratio": 0.9939863052129129
          }
        }
      }
    }
  },
  "aggregated": {
    "r_closed_max_abs": {
      "mean": 0.14315894063576254,
      "std": 0.023380092220593996,
      "n": 3
    },
    "r_closed_mean_abs": {
      "mean": 0.08198955995823982,
      "std": 0.017519443395299747,
      "n": 3
    },
    "r_pseudo_max_abs": {
      "mean": 0.18139544558178233,
      "std": 0.06511594813492111,
      "n": 3
    },
    "r_pseudo_mean_abs": {
      "mean": 0.10409700838803354,
      "std": 0.03680908190101444,
      "n": 3
    },
    "w1_close_open": {
      "mean": 0.5763705161423421,
      "std": 0.402890008100001,
      "n": 3
    },
    "w1_pseudo_open": {
      "mean": 0.8586092489906587,
      "std": 0.6918412822733137,
      "n": 3
    },
    "w2_close_open": {
      "mean": 1.1421189144674677,
      "std": 0.7990613502342492,
      "n": 3
    },
    "w2_pseudo_open": {
      "mean": 1.3955970648456268,
      "std": 0.9850900463822254,
      "n": 3
    },
    "pseudo_ratio": {
      "mean": 2.559038544362586,
      "std": 1.917426157709882,
      "n": 3
    },
    "pass_rate": {
      "mean": 0.0,
      "std": 0.0,
      "n": 3
    }
  }
}