{
  "lambda_selected": {
    "d2": 0.1,
    "d5": 0.1,
    "d10": 0.1,
    "d20": 0.1,
    "d50": 0.1,
    "d100": 0.1
  },
  "r_vs_d": {
    "d2": {
      "mean": 0.382280829297562,
      "std": 0.02086825668294704
    },
    "d5": {
      "mean": 0.29325976985329305,
      "std": 0.025172175160267214
    },
    "d10": {
      "mean": 0.20582310450367108,
      "std": 0.044038722028969315
    },
    "d20": {
      "mean": 0.1829473746703559,
      "std": 0.07228721053561231
    },
    "d50": {
      "mean": 0.11000763576123396,
      "std": 0.041098587155558426
    },
    "d100": {
      "mean": 0.07652982212326283,
      "std": 0.04273326691306653
    }
  },
  "w2_vs_d": {
    "d2": {
      "mean": 0.008195728911281657,
      "std": 0.008137002080635326
    },
    "d5": {
      "mean": 0.34730193830348044,
      "std": 0.673567100118034
    },
    "d10": {
      "mean": 0.0066892775680696005,
      "std": 0.004193460208784588
    },
    "d20": {
      "mean": 0.003291645543279274,
      "std": 0.003321465696173042
    },
    "d50": {
      "mean": 0.0042199226063185805,
      "std": 0.0031603251703413377
    },
    "d100": {
      "mean": 0.002159247040127922,
      "std": 0.001203404638452743
    }
  },
  "pseudo_ratio_vs_d": {
    "d2": {
      "mean": 4.235817427085292e-07,
      "std": 7.722464313861623e-07
    },
    "d5": {
      "mean": 8.078529486154651e-08,
      "std": 1.0640483751957625e-07
    },
    "d10": {
      "mean": 3.712104728070907e-07,
      "std": 4.49412713903584e-07
    },
    "d20": {
      "mean": 1.016380837164534e-06,
      "std": 1.249313733611297e-06
    },
    "d50": {
      "mean": 3.868841281207634e-07,
      "std": 6.293586655768317e-07
    },
    "d100": {
      "mean": 7.606039255975917e-07,
      "std": 6.588693346853567e-07
    }
  },
  "gain_vs_d": {
    "d2": {
      "mean": 0.008197855949401856,
      "std": 0.008190756306260783
    },
    "d5": {
      "mean": 0.3473221735563129,
      "std": 0.6734842813029485
    },
    "d10": {
      "mean": 0.006649909703992307,
      "std": 0.004374657223375528
    },
    "d20": {
      "mean": 0.0032721009163651617,
      "std": 0.0033566206589271228
    },
    "d50": {
      "mean": 0.004212872561765835,
      "std": 0.0030620171330567997
    },
    "d100": {
      "mean": 0.0018705809139646589,
      "std": 0.0012235277563860674
    }
  },
  "grad_norm_vs_d": {
    "d2": {
      "mean": 0.045607812143862246,
      "std": 0.042092763805087606
    },
    "d5": {
      "mean": 0.0341196502558887,
      "std": 0.022738526347203965
    },
    "d10": {
      "mean": 0.03321083579212427,
      "std": 0.02190561291652413
    },
    "d20": {
      "mean": 0.010142969992011785,
      "std": 0.00740446410828374
    },
    "d50": {
      "mean": 0.03593193218111992,
      "std": 0.024731460751348428
    },
    "d100": {
      "mean": 0.014987268298864365,
      "std": 0.008055800665566744
    }
  },
  "action_norm_vs_d": {
    "d2": {
      "mean": 0.04602489061653614,
      "std": 0.04570345616430058
    },
    "d5": {
      "mean": 0.05041459854692221,
      "std": 0.03380212086534139
    },
    "d10": {
      "mean": 0.03877158556133509,
      "std": 0.02590385495482514
    },
    "d20": {
      "mean": 0.018969244067557157,
      "std": 0.01959594890531222
    },
    "d50": {
      "mean": 0.024147726129740477,
      "std": 0.0169681231959543
    },
    "d100": {
      "mean": 0.01064588432200253,
      "std": 0.008313883817144924
    }
  },
  "pass_rate_vs_d": {
    "d2": {
      "mean": 1.0,
      "std": 0.0
    },
    "d5": {
      "mean": 1.0,
      "std": 0.0
    },
    "d10": {
      "mean": 1.0,
      "std": 0.0
    },
    "d20": {
      "mean": 1.0,
      "std": 0.0
    },
    "d50": {
      "mean": 0.8,
      "std": 0.4
    },
    "d100": {
      "mean": 0.4,
      "std": 0.48989794855663565
    }
  },
  "verdict": "CLOSED_LOOP_CONFIRMED | pass=0.87 W2=0.0620 pr=0.000 gain=0.0619 gn=0.0290 |a|=0.0315"
}