{
  "r_vs_d": {
    "d4": {
      "mean": 0.9967575135304351,
      "std": 0.011864595681943802
    },
    "d8": {
      "mean": 1.0039501556958372,
      "std": 0.006576147482364101
    },
    "d16": {
      "mean": 0.9999265786608242,
      "std": 0.004936269465680957
    },
    "d32": {
      "mean": 1.0004648945585408,
      "std": 0.0031260294613626974
    }
  },
  "wasserstein_vs_d": {
    "d4": {
      "mean": 0.00829193990490603,
      "std": 0.010962506301482785
    },
    "d8": {
      "mean": 0.003285201730905101,
      "std": 0.002651202309450514
    },
    "d16": {
      "mean": 0.0028338135412195697,
      "std": 0.001580620737092671
    },
    "d32": {
      "mean": 0.0013609292188193648,
      "std": 0.000858505081931875
    }
  },
  "pseudo_over_closed_vs_d": {
    "d4": {
      "mean": 1.0016244120829323,
      "std": 0.011732500765182096
    },
    "d8": {
      "mean": 0.9991843715457653,
      "std": 0.007214143795551628
    },
    "d16": {
      "mean": 0.9991157735392864,
      "std": 0.004202519812890097
    },
    "d32": {
      "mean": 1.00080688511362,
      "std": 0.002889451026455045
    }
  }
}