{
  "config": {
    "d_dims": [
      2,
      10,
      100
    ],
    "seeds": 5,
    "episodes": 5,
    "steps": 2000,
    "alphas": [
      0.01,
      0.1,
      0.5
    ],
    "betas": [
      0.01,
      0.1
    ],
    "lambda": 0.1
  },
  "results": {
    "d2_baseline": {
      "cos_sim_mean": 0.5184469315761862,
      "cos_sim_std": 0.32526034415972843,
      "cos_sim_median": 0.44207664919268314,
      "proj_efficiency_mean": 0.6043155692633284,
      "proj_efficiency_std": 0.24462082752740638,
      "total_risk": 1.1977641344070435,
      "total_risk_std": 0.010998460183235144,
      "action_norm_mean": 0.10075471363961697,
      "sign_pos_count": 5,
      "sign_neg_count": 0,
      "sign_consistency": 1.0,
      "majority_sign": "pos",
      "n_seeds": 5,
      "n_aborted": 0
    },
    "d2_directional_a0.01": {
      "cos_sim_mean": 0.7390276901324275,
      "cos_sim_std": 0.1820688024095377,
      "cos_sim_median": 0.6909984635763542,
      "proj_efficiency_mean": 0.7466177227843472,
      "proj_efficiency_std": 0.1895320945885901,
      "total_risk": 1.1980144500732421,
      "total_risk_std": 0.011445509751611023,
      "action_norm_mean": 0.09981027282774449,
      "sign_pos_count": 5,
      "sign_neg_count": 0,
      "sign_consistency": 1.0,
      "majority_sign": "pos",
      "n_seeds": 5,
      "n_aborted": 0
    },
    "d2_directional_a0.1": {
      "cos_sim_mean": 0.6441765805360011,
      "cos_sim_std": 0.2409810420883049,
      "cos_sim_median": 0.6751046574415304,
      "proj_efficiency_mean": 0.7360336636787965,
      "proj_efficiency_std": 0.12798630628358326,
      "total_risk": 1.197086262702942,
      "total_risk_std": 0.011429298022162351,
      "action_norm_mean": 0.10591072496026754,
      "sign_pos_count": 5,
      "sign_neg_count": 0,
      "sign_consistency": 1.0,
      "majority_sign": "pos",
      "n_seeds": 5,
      "n_aborted": 0
    },
    "d2_directional_a0.5": {
      "cos_sim_mean": 0.43401169088938996,
      "cos_sim_std": 0.4589071560085556,
      "cos_sim_median": 0.616753239786748,
      "proj_efficiency_mean": 0.6652639414833648,
      "proj_efficiency_std": 0.11763213724940673,
      "total_risk": 1.1946235656738282,
      "total_risk_std": 0.01780366086572049,
      "action_norm_mean": 0.1243506396189332,
      "sign_pos_count": 4,
      "sign_neg_count": 1,
      "sign_consistency": 0.8,
      "majority_sign": "pos",
      "n_seeds": 5,
      "n_aborted": 0
    },
    "d2_onesided": {
      "cos_sim_mean": 0.15902238876777808,
      "cos_sim_std": 0.7255190510403444,
      "cos_sim_median": 0.15902238876777808,
      "proj_efficiency_mean": 0.7270074259383079,
      "proj_efficiency_std": 0.15753401386981453,
      "total_risk": 1.2021329998970032,
      "total_risk_std": 0.016406357288360596,
      "action_norm_mean": 0.11024065129458904,
      "sign_pos_count": 1,
      "sign_neg_count": 1,
      "sign_consistency": 0.5,
      "majority_sign": "zero",
      "n_seeds": 2,
      "n_aborted": 3
    },
    "d10_baseline": {
      "cos_sim_mean": 0.15341452615380452,
      "cos_sim_std": 0.5770761341078491,
      "cos_sim_median": 0.3512643645542331,
      "proj_efficiency_mean": 0.6969474736986307,
      "proj_efficiency_std": 0.08412379237317032,
      "total_risk": 1.2078590631484984,
      "total_risk_std": 0.009252171470105323,
      "action_norm_mean": 0.05044714501127601,
      "sign_pos_count": 3,
      "sign_neg_count": 2,
      "sign_consistency": 0.6,
      "majority_sign": "pos",
      "n_seeds": 5,
      "n_aborted": 0
    },
    "d10_directional_a0.01": {
      "cos_sim_mean": 0.11233906657702733,
      "cos_sim_std": 0.5652964242543188,
      "cos_sim_median": 0.33865391455626775,
      "proj_efficiency_mean": 0.7032244966133945,
      "proj_efficiency_std": 0.11677958639872653,
      "total_risk": 1.2098636388778687,
      "total_risk_std": 0.006317221790023319,
      "action_norm_mean": 0.03743397006765008,
      "sign_pos_count": 3,
      "sign_neg_count": 2,
      "sign_consistency": 0.6,
      "majority_sign": "pos",
      "n_seeds": 5,
      "n_aborted": 0
    },
    "d10_directional_a0.1": {
      "cos_sim_mean": 0.29943446046196104,
      "cos_sim_std": 0.689814044050002,
      "cos_sim_median": 0.5781553921599741,
      "proj_efficiency_mean": 0.7825708960567913,
      "proj_efficiency_std": 0.1638910634807221,
      "total_risk": 1.2106860876083374,
      "total_risk_std": 0.007680120024732397,
      "action_norm_mean": 0.04392415061593056,
      "sign_pos_count": 4,
      "sign_neg_count": 1,
      "sign_consistency": 0.8,
      "majority_sign": "pos",
      "n_seeds": 5,
      "n_aborted": 0
    },
    "d10_directional_a0.5": {
      "cos_sim_mean": 0.06146401302031953,
      "cos_sim_std": 0.6367974751304573,
      "cos_sim_median": -0.018532189071321616,
      "proj_efficiency_mean": 0.7120186442499682,
      "proj_efficiency_std": 0.18203134581255248,
      "total_risk": 1.208783221244812,
      "total_risk_std": 0.0025283490813104515,
      "action_norm_mean": 0.058803581073880194,
      "sign_pos_count": 2,
      "sign_neg_count": 3,
      "sign_consistency": 0.6,
      "majority_sign": "neg",
      "n_seeds": 5,
      "n_aborted": 0
    },
    "d10_onesided": {
      "cos_sim_mean": 0.08588807603727755,
      "cos_sim_std": 0.6015627865937638,
      "cos_sim_median": 0.2510158131491419,
      "proj_efficiency_mean": 0.703442406505255,
      "proj_efficiency_std": 0.07080074492446983,
      "total_risk": 1.2151204744974773,
      "total_risk_std": 0.005639228756554006,
      "action_norm_mean": 0.036668541142717004,
      "sign_pos_count": 2,
      "sign_neg_count": 1,
      "sign_consistency": 0.6666666666666666,
      "majority_sign": "pos",
      "n_seeds": 3,
      "n_aborted": 2
    },
    "d100_baseline": {
      "cos_sim_mean": 0.025053554023138823,
      "cos_sim_std": 0.47695166116578175,
      "cos_sim_median": 0.20585969224555656,
      "proj_efficiency_mean": 0.6550302904749469,
      "proj_efficiency_std": 0.04379721981214824,
      "total_risk": 1.2137036800384522,
      "total_risk_std": 0.0037835508217162355,
      "action_norm_mean": 0.012348237074911594,
      "sign_pos_count": 3,
      "sign_neg_count": 2,
      "sign_consistency": 0.6,
      "majority_sign": "pos",
      "n_seeds": 5,
      "n_aborted": 0
    },
    "d100_directional_a0.01": {
      "cos_sim_mean": 0.3585359229644504,
      "cos_sim_std": 0.5103327653781979,
      "cos_sim_median": 0.48421535201234917,
      "proj_efficiency_mean": 0.7304783509400964,
      "proj_efficiency_std": 0.105962234123481,
      "total_risk": 1.213794755935669,
      "total_risk_std": 0.0032913376882024916,
      "action_norm_mean": 0.011636717338114977,
      "sign_pos_count": 4,
      "sign_neg_count": 1,
      "sign_consistency": 0.8,
      "majority_sign": "pos",
      "n_seeds": 5,
      "n_aborted": 0
    },
    "d100_directional_a0.1": {
      "cos_sim_mean": -0.19991430641997576,
      "cos_sim_std": 0.45738666107588366,
      "cos_sim_median": -0.17951991758656363,
      "proj_efficiency_mean": 0.6762922830473523,
      "proj_efficiency_std": 0.11641985965425816,
      "total_risk": 1.2124367237091065,
      "total_risk_std": 0.002745517781362358,
      "action_norm_mean": 0.014213969558477401,
      "sign_pos_count": 2,
      "sign_neg_count": 3,
      "sign_consistency": 0.6,
      "majority_sign": "neg",
      "n_seeds": 5,
      "n_aborted": 0
    },
    "d100_directional_a0.5": {
      "cos_sim_mean": -0.40428247068039996,
      "cos_sim_std": 0.4726561702664687,
      "cos_sim_median": -0.4708873579175833,
      "proj_efficiency_mean": 0.7644601417670933,
      "proj_efficiency_std": 0.11642113999909619,
      "total_risk": 1.212911891937256,
      "total_risk_std": 0.003845764731637461,
      "action_norm_mean": 0.016411336325109004,
      "sign_pos_count": 1,
      "sign_neg_count": 4,
      "sign_consistency": 0.8,
      "majority_sign": "neg",
      "n_seeds": 5,