{
  "d0.05_n0.0": {
    "closed": 0.11224396783467852,
    "blocked": 4.117603749234736,
    "open": 4.662946451483888
  },
  "d0.05_n0.05": {
    "closed": 0.11223599348801602,
    "blocked": 5.276110852839407,
    "open": 4.662946451483888
  },
  "d0.05_n0.1": {
    "closed": 0.11219208378469961,
    "blocked": 4.634089598657598,
    "open": 4.662946451483888
  },
  "d0.1_n0.0": {
    "closed": 0.4451706609338301,
    "blocked": 20.076919715923307,
    "open": 18.728550418713777
  },
  "d0.1_n0.05": {
    "closed": 0.44518424249923017,
    "blocked": 19.34917724047724,
    "open": 18.728550418713777
  },
  "d0.1_n0.1": {
    "closed": 0.44518167832453565,
    "blocked": 18.26719875448835,
    "open": 18.728550418713777
  },
  "d0.2_n0.0": {
    "closed": 1.7786325599632007,
    "blocked": 74.35028922179427,
    "open": 75.06918960317321
  },
  "d0.2_n0.05": {
    "closed": 1.7786279517392163,
    "blocked": 76.23209560986524,
    "open": 75.06918960317321
  },
  "d0.2_n0.1": {
    "closed": 1.7786174791522336,
    "blocked": 72.42851390256192,
    "open": 75.06918960317321
  }
}