{
  "0": {
    "risk": 0.21105445686320495,
    "std": 0.013690107053178375
  },
  "5": {
    "risk": 0.1407771930171448,
    "std": 0.07772584063257558
  },
  "10": {
    "risk": 0.2506425783751135,
    "std": 0.0571286035997253
  },
  "20": {
    "risk": 0.23089623624171202,
    "std": 0.0980101045238272
  }
}