{
  "flip_1.0": {
    "k1_mean": -44.341285705566406,
    "k2_mean": 45.34128952026367,
    "k2_per_seed": [
      45.34128952026367,
      45.34128952026367,
      45.34128952026367,
      45.34128952026367,
      45.34128952026367,
      45.34128952026367,
      45.34128952026367,
      45.34128952026367
    ],
    "ratio_mean": 1.022552431639837,
    "risk_baseline": 3.4773336436681523,
    "risk_dual": 2.0988811210562726,
    "suppressed": false,
    "risk_ok": true,
    "pass": false
  },
  "noise_1.0": {
    "k1_mean": -51.66198778152466,
    "k2_mean": 0.7001285329461098,
    "k2_per_seed": [
      -0.9648445248603821,
      0.7363811135292053,
      1.5277255773544312,
      1.1899830102920532,
      1.0773983001708984,
      1.00068998336792,
      -0.16652911901474,
      1.2002239227294922
    ],
    "ratio_mean": 0.019026622554899765,
    "risk_baseline": 3.5010001887622204,
    "risk_dual": 3.5100926403235726,
    "suppressed": true,
    "risk_ok": true,
    "pass": true
  }
}