{
  "clean": {
    "risk": 0.15992964901451984,
    "std": 0.052526610796893636
  },
  "noise_0.5": {
    "risk": 4.686182264583627,
    "std": 6.124857562877896
  },
  "noise_1.0": {
    "risk": 38.38239445140366,
    "std": 35.52783596281206
  },
  "noise_2.0": {
    "risk": 8.83593349253222,
    "std": 13.255902667455954
  },
  "null_0.3": {
    "risk": 0.7211455958851458,
    "std": 0.5832514981613703
  },
  "null_0.6": {
    "risk": 2.6015330360696556,
    "std": 2.647806168415543
  },
  "flip_0.2": {
    "risk": 0.2860806488331868,
    "std": 0.10895153165962787
  },
  "flip_0.5": {
    "risk": 1.573557992392513,
    "std": 1.274976621304499
  }
}