{
  "minimal": {
    "minimal_risk": 0.79650504722771,
    "open_risk": 1.6695851145919043,
    "seeds": [
      {
        "final_risk": 0.7518540527671553,
        "final_k": -11.289339065551758
      },
      {
        "final_risk": 0.7516355001219469,
        "final_k": -11.357633590698242
      },
      {
        "final_risk": 0.8860255887940278,
        "final_k": -11.310274124145508
      }
    ],
    "pass": true
  }
}