{
  "true_risk": 0.1896543272883316,
  "false_risk": 0.03265043038605701,
  "pass": true
}