{
  "d": 16,
  "n_seeds": 8,
  "action_diff_mean": 0.047701725569424785,
  "action_diff_std": 0.026410091679353456,
  "cka_mean": 0.3989053095714127,
  "cka_std": 0.1515373371194173,
  "random_cka_mean": 0.09565598738249427,
  "barriers": {
    "barrier_mean": 0.01746894220115371,
    "barrier_std": 0.003546469503888755,
    "barrier_max": 0.02170033089940133,
    "barrier_min": 0.012682789218400423,
    "n_pairs": 5
  }
}