{
  "layer1": {
    "r_vs_d": {
      "d4": {
        "mean": 0.9967575135304351,
        "std": 0.011864595681943802
      },
      "d8": {
        "mean": 1.0039501556958372,
        "std": 0.006576147482364101
      },
      "d16": {
        "mean": 0.9999265786608242,
        "std": 0.004936269465680957
      },
      "d32": {
        "mean": 1.0004648945585408,
        "std": 0.0031260294613626974
      }
    },
    "wasserstein_vs_d": {
      "d4": {
        "mean": 0.00829193990490603,
        "std": 0.010962506301482785
      },
      "d8": {
        "mean": 0.003285201730905101,
        "std": 0.002651202309450514
      },
      "d16": {
        "mean": 0.0028338135412195697,
        "std": 0.001580620737092671
      },
      "d32": {
        "mean": 0.0013609292188193648,
        "std": 0.000858505081931875
      }
    },
    "pseudo_over_closed_vs_d": {
      "d4": {
        "mean": 1.0016244120829323,
        "std": 0.011732500765182096
      },
      "d8": {
        "mean": 0.9991843715457653,
        "std": 0.007214143795551628
      },
      "d16": {
        "mean": 0.9991157735392864,
        "std": 0.004202519812890097
      },
      "d32": {
        "mean": 1.00080688511362,
        "std": 0.002889451026455045
      }
    }
  },
  "layer2": {
    "slope_vs_d": {
      "d4": {
        "mean": 4.70579890360496,
        "std": 6.387728768323679
      },
      "d8": {
        "mean": 0.42429325673994933,
        "std": 7.239899830555455
      },
      "d16": {
        "mean": 3.242295810004617,
        "std": 5.932084177784408
      },
      "d32": {
        "mean": 2.9161492073217925,
        "std": 4.266706098417676
      }
    },
    "inflection_vs_d": {
      "d4": {
        "mean": -0.588254563975484,
        "std": 0.45295431968322686
      },
      "d8": {
        "mean": -0.5043002463741351,
        "std": 0.4086985809737409
      },
      "d16": {
        "mean": -0.1879074690445814,
        "std": 0.1392666657648816
      },
      "d32": {
        "mean": -0.31407132347769817,
        "std": 0.23936905924367727
      }
    },
    "best_components_vs_d": {
      "d4": {
        "mean": 2.0,
        "std": 0.0
      },
      "d8": {
        "mean": 2.0,
        "std": 0.0
      },
      "d16": {
        "mean": 2.0,
        "std": 0.0
      },
      "d32": {
        "mean": 2.0,
        "std": 0.0
      }
    }
  },
  "layer3": {
    "rho_panic_g_vs_d": {
      "d4": {
        "mean": -0.13631990908602903,
        "std": 0.02440726178261007
      },
      "d8": {
        "mean": -0.15160496907835758,
        "std": 0.010972228264273
      },
      "d16": {
        "mean": -0.15363460407381896,
        "std": 0.0333153335476634
      },
      "d32": {
        "mean": -0.18733530298860904,
        "std": 0.03503616615050342
      }
    },
    "fpr_vs_d": {
      "d4": {
        "mean": 0.39842500000000003,
        "std": 0.02607152421704569
      },
      "d8": {
        "mean": 0.40392500000000003,
        "std": 0.020255847921032584
      },
      "d16": {
        "mean": 0.409975,
        "std": 0.024026534810496512
      },
      "d32": {
        "mean": 0.422025,
        "std": 0.017060901939815496
      }
    },
    "fnr_vs_d": {
      "d4": {
        "mean": 0.6369,
        "std": 0.005284884104689516
      },
      "d8": {
        "mean": 0.6452,
        "std": 0.011143608033307679
      },
      "d16": {
        "mean": 0.64685,
        "std": 0.0076757735766501195
      },
      "d32": {
        "mean": 0.661475,
        "std": 0.008532254977437098
      }
    },
    "false_panic_trigger_vs_d": {
      "d4": {
        "mean": 0.5,
        "std": 0.4409585518440984
      },
      "d8": {
        "mean": 0.5833333333333333,
        "std": 0.5204164998665332
      },
      "d16": {
        "mean": 0.5,
        "std": 0.28867513459481287
      },
      "d32": {
        "mean": 0.49999999999999994,
        "std": 0.4409585518440984
      }
    },
    "noise_floor_vs_d": {
      "d4": {
        "mean": 0.8298133640836003,
        "std": 0.0024444756022532392
      },
      "d8": {
        "mean": 0.8285317959850353,
        "std": 0.0017888136005683405
      },
      "d16": {
        "mean": 0.8272516281065709,
        "std": 0.002474589639082705
      },
      "d32": {
        "mean": 0.828439881323245,
        "std": 0.002077782359383934
      }
    }
  },
  "layer4": {
    "k80_over_d_vs_d": {
      "d4": {
        "mean": 0.5,
        "std": 0.0
      },
      "d8": {
        "mean": 0.25,
        "std": 0.0
      },
      "d16": {
        "mean": 0.125,
        "std": 0.0
      },
      "d32": {
        "mean": 0.0625,
        "std": 0.0
      }
    },
    "monotonicity_vs_d": {
      "d4": {
        "mean": 0.0,
        "std": 0.0
      },
      "d8": {
        "mean": 0.0,
        "std": 0.0
      },
      "d16": {
        "mean": 0.0,
        "std": 0.0
      },
      "d32": {
        "mean": 0.0,
        "std": 0.0
      }
    },
    "scaling_fits": {
      "k80_over_d_power": {
        "a": 1.9999999999999996,
        "b": -0.9999999999999999
      },
      "mono_power": {
        "power": 0
      }
    }
  },
  "layer5": {
    "d": 16,
    "n_seeds": 8,
    "action_diff_mean": 0.047701725569424785,
    "action_diff_std": 0.026410091679353456,
    "cka_mean": 0.3989053095714127,
    "cka_std": 0.1515373371194173,
    "random_cka_mean": 0.09565598738249427,
    "barriers": {
      "barrier_mean": 0.01746894220115371,
      "barrier_std": 0.003546469503888755,
      "barrier_max": 0.02170033089940133,
      "barrier_min": 0.012682789218400423,
      "n_pairs": 5
    }
  }
}