{
  "seeds": [
    {
      "seed": 0,
      "B1_random": {
        "eps_0.01": 0.000914931800798513,
        "eps_0.05": 0.004074154836707748,
        "eps_0.1": 0.009041293073678389,
        "eps_0.2": 0.01830633858218789
      },
      "B2_pca_sensitivity": {
        "PC1": 0.008956873826682567,
        "PC2": 0.00895687373355031,
        "PC3": 0.008956874944269657,
        "PC4": 0.008956876806914807,
        "PC5": 0.008956877440214157
      },
      "B2_random_dir_sensitivity": {
        "rand1": 0.00895687473937869,
        "rand2": 0.008956874813884496,
        "rand3": 0.008956874869763851,
        "rand4": 0.008956873714923859,
        "rand5": 0.00895687622949481
      },
      "B3_jacobian_sensitivity": 0.10802466928958893,
      "B4_principal_angle": 0.0,
      "k80_geo": 4
    },
    {
      "seed": 1,
      "B1_random": {
        "eps_0.01": 0.0009180944037507289,
        "eps_0.05": 0.004559701364487409,
        "eps_0.1": 0.009142094664275647,
        "eps_0.2": 0.018832012738566845
      },
      "B2_pca_sensitivity": {
        "PC1": 0.013855748791247607,
        "PC2": 0.013855748567730189,
        "PC3": 0.013855748288333415,
        "PC4": 0.013855748623609544,
        "PC5": 0.013855748735368252
      },
      "B2_random_dir_sensitivity": {
        "rand1": 0.013855748362839222,
        "rand2": 0.013855748735368252,
        "rand3": 0.013855748903006315,
        "rand4": 0.01385574908927083,
        "rand5": 0.013855748157948256
      },
      "B3_jacobian_sensitivity": 0.10876014590263366,
      "B4_principal_angle": 0.0,
      "k80_geo": 2
    },
    {
      "seed": 2,
      "B1_random": {
        "eps_0.01": 0.0009308318339753896,
        "eps_0.05": 0.004884843702893704,
        "eps_0.1": 0.008645415003411473,
        "eps_0.2": 0.01973426797427237
      },
      "B2_pca_sensitivity": {
        "PC1": 0.008647114243358374,
        "PC2": 0.008647114597260952,
        "PC3": 0.008647113144397735,
        "PC4": 0.008647112920880318,
        "PC5": 0.008647112548351288
      },
      "B2_random_dir_sensitivity": {
        "rand1": 0.008647113963961601,
        "rand2": 0.008647113963961601,
        "rand3": 0.008647114429622888,
        "rand4": 0.008647113293409347,
        "rand5": 0.008647114653140307
      },
      "B3_jacobian_sensitivity": 0.10233428627252579,
      "B4_principal_angle": 0.0,
      "k80_geo": 3
    },
    {
      "seed": 3,
      "B1_random": {
        "eps_0.01": 0.0009520565169805195,
        "eps_0.05": 0.004550301503040827,
        "eps_0.1": 0.009380132759688423,
        "eps_0.2": 0.020006656581535935
      },
      "B2_pca_sensitivity": {
        "PC1": 0.010265292562544347,
        "PC2": 0.010265292394906282,
        "PC3": 0.010265293270349503,
        "PC4": 0.010265292599797249,
        "PC5": 0.010265293158590793
      },
      "B2_random_dir_sensitivity": {
        "rand1": 0.010265292059630155,
        "rand2": 0.010265292543917894,
        "rand3": 0.010265292152762413,
        "rand4": 0.01026529237627983,
        "rand5": 0.010265292953699828
      },
      "B3_jacobian_sensitivity": 0.10413384988904,
      "B4_principal_angle": 0.0,
      "k80_geo": 5
    },
    {
      "seed": 4,
      "B1_random": {
        "eps_0.01": 0.001127938354475191,
        "eps_0.05": 0.005364804491400719,
        "eps_0.1": 0.010519263981841505,
        "eps_0.2": 0.018587804313283413
      },
      "B2_pca_sensitivity": {
        "PC1": 0.0145395721308887,
        "PC2": 0.014539572913199662,
        "PC3": 0.01453957388177514,
        "PC4": 0.014539577495306731,
        "PC5": 0.014539573788642884
      },
      "B2_random_dir_sensitivity": {
        "rand1": 0.014539573993533849,
        "rand2": 0.014539573285728693,
        "rand3": 0.014539575241506099,
        "rand4": 0.014539573676884174,
        "rand5": 0.014539572969079017
      },
      "B3_jacobian_sensitivity": 0.09819942846894264,
      "B4_principal_angle": 0.0,
      "k80_geo": 1
    },
    {
      "seed": 5,
      "B1_random": {
        "eps_0.01": 0.0009710301301674917,
        "eps_0.05": 0.004781492842594162,
        "eps_0.1": 0.01115040760138072,
        "eps_0.2": 0.019748928709886968
      },
      "B2_pca_sensitivity": {
        "PC1": 0.02010245617479086,
        "PC2": 0.020102455914020538,
        "PC3": 0.020102455578744412,
        "PC4": 0.020102457031607627,
        "PC5": 0.02010245654731989
      },
      "B2_random_dir_sensitivity": {
        "rand1": 0.02010245658457279,
        "rand2": 0.020102456957101823,
        "rand3": 0.020102456025779248,
        "rand4": 0.020102455466985702,
        "rand5": 0.020102455727756024
      },
      "B3_jacobian_sensitivity": 0.10431218758225441,
      "B4_principal_angle": 0.0,
      "k80_geo": 2
    },
    {
      "seed": 6,
      "B1_random": {
        "eps_0.01": 0.0010094038418901618,
        "eps_0.05": 0.005194117141654715,
        "eps_0.1": 0.00953675271011889,
        "eps_0.2": 0.018700796435587107
      },
      "B2_pca_sensitivity": {
        "PC1": 0.011062463615089654,
        "PC2": 0.011062462665140629,
        "PC3": 0.011062462739646435,
        "PC4": 0.011062463913112879,
        "PC5": 0.011062463261187077
      },
      "B2_random_dir_sensitivity": {
        "rand1": 0.011062463447451591,
        "rand2": 0.01106246342882514,
        "rand3": 0.01106246368959546,
        "rand4": 0.011062463633716107,
        "rand5": 0.011062463652342558
      },
      "B3_jacobian_sensitivity": 0.10836917087435723,
      "B4_principal_angle": 0.0,
      "k80_geo": 3
    },
    {
      "seed": 7,
      "B1_random": {
        "eps_0.01": 0.0009623812875361182,
        "eps_0.05": 0.0041893026442267,
        "eps_0.1": 0.009381221537478269,
        "eps_0.2": 0.01727607627864927
      },
      "B2_pca_sensitivity": {
        "PC1": 0.005551135577261448,
        "PC2": 0.005551134860143065,
        "PC3": 0.005551135325804353,
        "PC4": 0.005551133919507265,
        "PC5": 0.0055511350091546775
      },
      "B2_random_dir_sensitivity": {
        "rand1": 0.005551134264096618,
        "rand2": 0.005551134226843715,
        "rand3": 0.0055511351209133865,
        "rand4": 0.005551134329289198,
        "rand5": 0.005551134366542101
      },
      "B3_jacobian_sensitivity": 0.10119796827435494,
      "B4_principal_angle": 0.0,
      "k80_geo": 2
    }
  ],
  "analysis": {
    "pc_vs_random": {
      "pc_sens": 0.011622582338517531,
      "rand_sens": 0.011622582252370194
    },
    "jac_sens": 0.1044164633192122,
    "random_base": 0.009599572666484164,
    "behavior_geom_alignment": 0.0,
    "conclusion": "BEHAVIOR AND GEOMETRY ORTHOGONAL (align < 0.3). PC \u2248 random. Jacobian > PC."
  }
}