{
  "C1_aux_loss": {
    "lambda_0.0": {
      "R2_mean": 0.6737743588782168,
      "R2_std": 0.0915634412599028,
      "align_mean": 0.7094636031554488,
      "align_std": 0.13127869377775891,
      "k80_mean": 3.0,
      "k80_std": 0.7071067811865476
    },
    "lambda_0.1": {
      "R2_mean": 0.688926856529444,
      "R2_std": 0.16626729215932812,
      "align_mean": 0.7081540027157387,
      "align_std": 0.14949589049299034,
      "k80_mean": 3.0,
      "k80_std": 0.5
    },
    "lambda_0.5": {
      "R2_mean": 0.5681993089680536,
      "R2_std": 0.1640318271230992,
      "align_mean": 0.756159298180956,
      "align_std": 0.13466643774202736,
      "k80_mean": 3.0,
      "k80_std": 0.7071067811865476
    },
    "lambda_1.0": {
      "R2_mean": 0.5740953539034054,
      "R2_std": 0.18746294466719074,
      "align_mean": 0.7642915045518855,
      "align_std": 0.12013994424464558,
      "k80_mean": 3.0,
      "k80_std": 0.5
    },
    "lambda_2.0": {
      "R2_mean": 0.6073294762802248,
      "R2_std": 0.15668734453070252,
      "align_mean": 0.7683029922766025,
      "align_std": 0.10312151992552263,
      "k80_mean": 2.875,
      "k80_std": 0.5994789404140899
    },
    "lambda_5.0": {
      "R2_mean": 0.6029253589457756,
      "R2_std": 0.18810384982158068,
      "align_mean": 0.731890130611055,
      "align_std": 0.10768667557953238,
      "k80_mean": 2.75,
      "k80_std": 0.6614378277661477
    },
    "diagnosis": {
      "best_lambda": "lambda_2.0",
      "best_align": 0.7683029922766025,
      "baseline_align": 0.7094636031554488,
      "improvement": 0.05883938912115372
    }
  },
  "C2_split_encoder": {
    "R2_mean": 0.6149009083153353,
    "R2_std": 0.20530344743102483,
    "align_mean": 0.9461245138093286,
    "align_std": 0.0775446226171625,
    "k80_mean": 1.75,
    "k80_std": 0.6614378277661477
  },
  "C3_attention": {
    "R2_mean": 0.6297205651973556,
    "R2_std": 0.19649542674853646,
    "align_mean": 0.716673997392343,
    "align_std": 0.11204961997251939,
    "k80_mean": 3.0,
    "k80_std": 0.7071067811865476,
    "attention_ctrl_mean": 0.47495356674538924,
    "attention_noise_mean": 0.481281056474351,
    "attention_bias": -0.006327489728961744
  },
  "comparison": {
    "best_method": "C2_split_encoder",
    "best_alignment": 0.9461245138093286,
    "C1_improvement": 0.05883938912115372,
    "C2_alignment": 0.9461245138093286,
    "C3_alignment": 0.716673997392343,
    "C3_attention_bias": -0.006327489728961744
  }
}