{
  "16": {
    "hidden_dim": 16,
    "ratio": 2,
    "R2_mean": 0.7407042535069666,
    "R2_std": 0.2284432971392363,
    "alignment_gt_mean": 0.6976106188976761,
    "alignment_gt_std": 0.0795577255825888,
    "k80_mean": 2.25,
    "k80_std": 0.6614378277661477
  },
  "32": {
    "hidden_dim": 32,
    "ratio": 4,
    "R2_mean": 0.5552218043430347,
    "R2_std": 0.15365093261190257,
    "alignment_gt_mean": 0.7836177132928676,
    "alignment_gt_std": 0.11957835969106348,
    "k80_mean": 3.0,
    "k80_std": 0.5
  },
  "48": {
    "hidden_dim": 48,
    "ratio": 6,
    "R2_mean": 0.7311183985296642,
    "R2_std": 0.1233571405811589,
    "alignment_gt_mean": 0.8195478018534752,
    "alignment_gt_std": 0.08945407333099474,
    "k80_mean": 2.75,
    "k80_std": 0.82915619758885
  },
  "64": {
    "hidden_dim": 64,
    "ratio": 8,
    "R2_mean": 0.7812302286638695,
    "R2_std": 0.15288236901404384,
    "alignment_gt_mean": 0.8858379858707144,
    "alignment_gt_std": 0.08428950230102053,
    "k80_mean": 2.625,
    "k80_std": 0.8569568250501305
  },
  "80": {
    "hidden_dim": 80,
    "ratio": 10,
    "R2_mean": 0.7356672171377652,
    "R2_std": 0.13322468817759,
    "alignment_gt_mean": 0.830951991727078,
    "alignment_gt_std": 0.10957832506899234,
    "k80_mean": 2.375,
    "k80_std": 0.6959705453537527
  },
  "96": {
    "hidden_dim": 96,
    "ratio": 12,
    "R2_mean": 0.8219848223888435,
    "R2_std": 0.1290824630533917,
    "alignment_gt_mean": 0.9268762638170516,
    "alignment_gt_std": 0.03274554223769303,
    "k80_mean": 2.0,
    "k80_std": 0.7071067811865476
  },
  "scaling_analysis": {
    "ratios": [
      2,
      4,
      6,
      8,
      10,
      12
    ],
    "hidden_dims": [
      16,
      32,
      48,
      64,
      80,
      96
    ],
    "alignment_curve": [
      0.6976106188976761,
      0.7836177132928676,
      0.8195478018534752,
      0.8858379858707144,
      0.830951991727078,
      0.9268762638170516
    ],
    "R2_curve": [
      0.7407042535069666,
      0.5552218043430347,
      0.7311183985296642,
      0.7812302286638695,
      0.7356672171377652,
      0.8219848223888435
    ],
    "threshold_ratio": 12,
    "conclusion": "Minimum ratio for align>0.9: hidden_dim/d = 12 (hidden_dim=96)"
  }
}