{
  "seeds": [
    {
      "seed": 0,
      "baseline_cost": 1.2173210063097313,
      "hard_ablation": {
        "1": {
          "cost": 1.2183143023906702,
          "cost_ratio": 1.0008151467531152,
          "zone": 0.006,
          "action_dev": 0.012411739676848811
        }
      },
      "random_ablation": {
        "1": {
          "cost": 1.2175530246194697,
          "cost_ratio": 1.0001897758428264,
          "action_dev": 0.019533094251528382
        }
      },
      "attenuation": {
        "0.0": {
          "cost": 1.2123731062226053,
          "cost_ratio": 0.9959346006549834,
          "action_dev": 0.016166795887656918
        },
        "0.2": {
          "cost": 1.2111484377059076,
          "cost_ratio": 0.9949285656779191,
          "action_dev": 0.013048779287477373
        },
        "0.4": {
          "cost": 1.2077950992261208,
          "cost_ratio": 0.9921738808349561,
          "action_dev": 0.00986947403693921
        },
        "0.6": {
          "cost": 1.2094079559350899,
          "cost_ratio": 0.9934988028363732,
          "action_dev": 0.003048731032282376
        },
        "0.8": {
          "cost": 1.209338807726399,
          "cost_ratio": 0.9934419992886409,
          "action_dev": 0.0034262314653315117
        },
        "1.0": {
          "cost": 1.2131816718075374,
          "cost_ratio": 0.9965988173377848,
          "action_dev": 0.0
        }
      }
    },
    {
      "seed": 1,
      "baseline_cost": 1.1914743157672536,
      "hard_ablation": {
        "1": {
          "cost": 1.2058775026243522,
          "cost_ratio": 1.0120876921800301,
          "zone": 0.008,
          "action_dev": 0.008748884667125822
        }
      },
      "random_ablation": {
        "1": {
          "cost": 1.2204317380747065,
          "cost_ratio": 1.0243029980766378,
          "action_dev": 0.0031038943119365285
        }
      },
      "attenuation": {
        "0.0": {
          "cost": 1.2207656368749458,
          "cost_ratio": 1.0245832378733173,
          "action_dev": 0.0087456751614518
        },
        "0.2": {
          "cost": 1.2097701740650657,
          "cost_ratio": 1.0153547942250327,
          "action_dev": 0.009751749360064423
        },
        "0.4": {
          "cost": 1.1861771794634688,
          "cost_ratio": 0.9955532974677088,
          "action_dev": 0.007577099546480895
        },
        "0.6": {
          "cost": 1.2029862958869546,
          "cost_ratio": 1.009661115062454,
          "action_dev": 0.003429812958407638
        },
        "0.8": {
          "cost": 1.2125353305842266,
          "cost_ratio": 1.0176755779480093,
          "action_dev": 0.002377646081538842
        },
        "1.0": {
          "cost": 1.2061502749088788,
          "cost_ratio": 1.0123166287605172,
          "action_dev": 0.0
        }
      }
    },
    {
      "seed": 2,
      "baseline_cost": 1.2168763315726727,
      "hard_ablation": {
        "1": {
          "cost": 1.2032030597116992,
          "cost_ratio": 0.9887628181525075,
          "zone": 0.018,
          "action_dev": 0.009025828508905761
        }
      },
      "random_ablation": {
        "1": {
          "cost": 1.216775994580597,
          "cost_ratio": 0.9999167237408024,
          "action_dev": 0.002561287011481909
        }
      },
      "attenuation": {
        "0.0": {
          "cost": 1.201098509831734,
          "cost_ratio": 0.98703335058387,
          "action_dev": 0.01616102708066319
        },
        "0.2": {
          "cost": 1.2150732150557917,
          "cost_ratio": 0.99851742121406,
          "action_dev": 0.013211314782816772
        },
        "0.4": {
          "cost": 1.2117519681884341,
          "cost_ratio": 0.9957881018478546,
          "action_dev": 0.005685069863466197
        },
        "0.6": {
          "cost": 1.2088015019021956,
          "cost_ratio": 0.9933634808859164,
          "action_dev": 0.006956372936730986
        },
        "0.8": {
          "cost": 1.2071886534699912,
          "cost_ratio": 0.9920380815294176,
          "action_dev": 0.002882964729520609
        },
        "1.0": {
          "cost": 1.2136344802432761,
          "cost_ratio": 0.997335104167644,
          "action_dev": 0.0
        }
      }
    },
    {
      "seed": 3,
      "baseline_cost": 1.2048612870253488,
      "hard_ablation": {
        "1": {
          "cost": 1.2073660490397908,
          "cost_ratio": 1.002078048289339,
          "zone": 0.012,
          "action_dev": 0.011593831264499387
        }
      },
      "random_ablation": {
        "1": {
          "cost": 1.1915502230004615,
          "cost_ratio": 0.9889513812754875,
          "action_dev": 0.0014151041987488498
        }
      },
      "attenuation": {
        "0.0": {
          "cost": 1.2079123688572992,
          "cost_ratio": 1.0025314775512484,
          "action_dev": 0.012695753066094767
        },
        "0.2": {
          "cost": 1.2113969514928913,
          "cost_ratio": 1.0054235778959235,
          "action_dev": 0.00870399089438024
        },
        "0.4": {
          "cost": 1.2101312271322076,
          "cost_ratio": 1.0043730641780375,
          "action_dev": 0.0069520944762625735
        },
        "0.6": {
          "cost": 1.2163177972527597,
          "cost_ratio": 1.0095077340794634,
          "action_dev": 0.004551684002781258
        },
        "0.8": {
          "cost": 1.2014702080746849,
          "cost_ratio": 0.9971846749730723,
          "action_dev": 0.0024799985077443125
        },
        "1.0": {
          "cost": 1.2179603699695145,
          "cost_ratio": 1.0108710207674467,
          "action_dev": 0.0
        }
      }
    },
    {
      "seed": 4,
      "baseline_cost": 1.2108870252211732,
      "hard_ablation": {
        "1": {
          "cost": 1.2190790573239458,
          "cost_ratio": 1.0067644835295788,
          "zone": 0.01,
          "action_dev": 0.012042579134686093
        }
      },
      "random_ablation": {
        "1": {
          "cost": 1.20192093598595,
          "cost_ratio": 0.9925946172986678,
          "action_dev": 0.0008307494218006468
        }
      },
      "attenuation": {
        "0.0": {
          "cost": 1.214280628676446,
          "cost_ratio": 1.002801748291014,
          "action_dev": 0.013859090042131357
        },
        "0.2": {
          "cost": 1.2098920953190524,
          "cost_ratio": 0.9991775210577883,
          "action_dev": 0.01022969902960176
        },
        "0.4": {
          "cost": 1.2223187194285947,
          "cost_ratio": 1.0094399267061327,
          "action_dev": 0.007172817855237554
        },
        "0.6": {
          "cost": 1.2137718696046242,
          "cost_ratio": 1.0023815946011394,
          "action_dev": 0.004843295432843661
        },
        "0.8": {
          "cost": 1.213866881899064,
          "cost_ratio": 1.0024600595726818,
          "action_dev": 0.0026248131329352875
        },
        "1.0": {
          "cost": 1.2133678976739601,
          "cost_ratio": 1.0020479783441034,
          "action_dev": 0.0
        }
      }
    },
    {
      "seed": 5,
      "baseline_cost": 1.2060875503671555,
      "hard_ablation": {
        "1": {
          "cost": 1.1996380165603537,
          "cost_ratio": 0.9946516913664109,
          "zone": 0.026,
          "action_dev": 0.012128501125913318
        }
      },
      "random_ablation": {
        "1": {
          "cost": 1.2100114234844255,
          "cost_ratio": 1.0032525581277394,
          "action_dev": 0.0021045595378909637
        }
      },
      "attenuation": {
        "0.0": {
          "cost": 1.2070100071798433,
          "cost_ratio": 1.0007640042784647,
          "action_dev": 0.01212730527077656
        },
        "0.2": {
          "cost": 1.2149843391574708,
          "cost_ratio": 1.0073757343833563,
          "action_dev": 0.012513321030812222
        },
        "0.4": {
          "cost": 1.205667947223624,
          "cost_ratio": 0.9996512667802017,