{
  "baseline": {
    "16": {
      "d": 16,
      "hd": 192,
      "align_mean": 0.6872081085566542,
      "align_std": 0.06490080665471375,
      "R2_mean": 0.8196588900364239,
      "R2_std": 0.0847482547576168,
      "k80_mean": 3.125,
      "k80_std": 0.9270248108869579,
      "cost_mean": 1.212367112058818,
      "cost_std": 0.007493943229275613,
      "zone_rate_mean": 0.01425,
      "zone_rate_std": 0.009188987974744555
    },
    "32": {
      "d": 32,
      "hd": 384,
      "align_mean": 0.5655086856654232,
      "align_std": 0.059597037842837604,
      "R2_mean": 0.819824599146427,
      "R2_std": 0.06359890337626911,
      "k80_mean": 4.5,
      "k80_std": 1.4142135623730951,
      "cost_mean": 1.212700812067157,
      "cost_std": 0.00450202202497049,
      "zone_rate_mean": 0.0135,
      "zone_rate_std": 0.009785192895390465
    },
    "64": {
      "d": 64,
      "hd": 768,
      "align_mean": 0.2885823309041651,
      "align_std": 0.07028831459629607,
      "R2_mean": 0.8644851692474003,
      "R2_std": 0.08180969664785713,
      "k80_mean": 4.625,
      "k80_std": 1.2183492931011204,
      "cost_mean": 1.2108481167228335,
      "cost_std": 0.006177724387071,
      "zone_rate_mean": 0.013500000000000002,
      "zone_rate_std": 0.0049749371855331
    }
  },
  "split_encoder": {
    "16": {
      "d": 16,
      "hd": 192,
      "align_mean": 0.8842802856974827,
      "align_std": 0.103551515802295,
      "R2_mean": 0.9025373453855475,
      "R2_std": 0.044083032556435996,
      "k80_mean": 1.625,
      "k80_std": 1.3169567191065923,
      "cost_mean": 1.2136827187116461,
      "cost_std": 0.008842895561752087,
      "zone_rate_mean": 0.01425,
      "zone_rate_std": 0.009297176990893528
    },
    "32": {
      "d": 32,
      "hd": 384,
      "align_mean": 0.5580145922977766,
      "align_std": 0.27858469767669247,
      "R2_mean": 0.7737358358581023,
      "R2_std": 0.0759727526886117,
      "k80_mean": 3.25,
      "k80_std": 1.8540496217739157,
      "cost_mean": 1.2118072405719014,
      "cost_std": 0.004831570259753015,
      "zone_rate_mean": 0.01375,
      "zone_rate_std": 0.010413332799829266
    },
    "64": {
      "d": 64,
      "hd": 768,
      "align_mean": 0.4163576517130384,
      "align_std": 0.3191234856535216,
      "R2_mean": 0.8467890690783495,
      "R2_std": 0.0910155750537116,
      "k80_mean": 4.25,
      "k80_std": 1.920286436967152,
      "cost_mean": 1.2111620169333253,
      "cost_std": 0.006136304240789232,
      "zone_rate_mean": 0.013500000000000002,
      "zone_rate_std": 0.0049749371855331
    }
  },
  "guided_attention": {
    "16": {
      "d": 16,
      "hd": 192,
      "align_mean": 0.7520619415216004,
      "align_std": 0.19637252731456173,
      "R2_mean": 0.7298808373323167,
      "R2_std": 0.13498464598775137,
      "k80_mean": 3.0,
      "k80_std": 0.7071067811865476,
      "cost_mean": 1.2119627751622244,
      "cost_std": 0.007243289629457664,
      "zone_rate_mean": 0.01425,
      "zone_rate_std": 0.009188987974744555
    },
    "32": {
      "d": 32,
      "hd": 384,
      "align_mean": 0.5955617754409552,
      "align_std": 0.05735469011675221,
      "R2_mean": 0.7820955829125434,
      "R2_std": 0.04947271576543401,
      "k80_mean": 4.875,
      "k80_std": 1.5360257159305635,
      "cost_mean": 1.2123899908716802,
      "cost_std": 0.004205500193640341,
      "zone_rate_mean": 0.01325,
      "zone_rate_std": 0.009161741100904347
    },
    "64": {
      "d": 64,
      "hd": 768,
      "align_mean": 0.2297091608159617,
      "align_std": 0.1398826298641587,
      "R2_mean": 0.9268663788825031,
      "R2_std": 0.05140368696138555,
      "k80_mean": 6.0,
      "k80_std": 0.7071067811865476,
      "cost_mean": 1.2111293004713193,
      "cost_std": 0.0059344851967950436,
      "zone_rate_mean": 0.013250000000000001,
      "zone_rate_std": 0.0048925964476952315
    }
  },
  "comparison": {},
  "analysis": {
    "failures": {
      "baseline": {
        "failure_d": 16,
        "curve": [
          0.6872081085566542,
          0.5655086856654232,
          0.2885823309041651
        ]
      },
      "split_encoder": {
        "failure_d": 32,
        "curve": [
          0.8842802856974827,
          0.5580145922977766,
          0.4163576517130384
        ]
      },
      "guided_attention": {
        "failure_d": 32,
        "curve": [
          0.7520619415216004,
          0.5955617754409552,
          0.2297091608159617
        ]
      }
    },
    "conclusion": "baseline: failure at d=16; split_encoder: failure at d=32; guided_attention: failure at d=32"
  }
}