{
  "seeds": [
    {
      "seed": 0,
      "original": {
        "cost": 1.2098768092540158,
        "zone": 0.006
      },
      "sweep": {
        "a0.01_K1": {
          "cost": 1.2173414874629567,
          "cost_ratio": 1.006168952064294,
          "zone": 0.006
        },
        "a0.01_K3": {
          "cost": 1.207011530125174,
          "cost_ratio": 0.9976309350358208,
          "zone": 0.008
        },
        "a0.01_K5": {
          "cost": 1.2103284371046008,
          "cost_ratio": 1.0003724573234904,
          "zone": 0.002
        },
        "a0.05_K1": {
          "cost": 1.2089713348859734,
          "cost_ratio": 0.9992507719696081,
          "zone": 0.02
        },
        "a0.05_K3": {
          "cost": 1.2021791170064056,
          "cost_ratio": 0.9936368018417026,
          "zone": 0.016
        },
        "a0.05_K5": {
          "cost": 1.198811410415212,
          "cost_ratio": 0.9908532921637543,
          "zone": 0.01
        },
        "a0.1_K1": {
          "cost": 1.2055171225405552,
          "cost_ratio": 0.9963957627124765,
          "zone": 0.018
        },
        "a0.1_K3": {
          "cost": 1.2010630493939367,
          "cost_ratio": 0.9927143387599497,
          "zone": 0.006
        },
        "a0.1_K5": {
          "cost": 1.186841175694764,
          "cost_ratio": 0.9809595370846124,
          "zone": 0.02
        }
      }
    },
    {
      "seed": 1,
      "original": {
        "cost": 1.1914743157672536,
        "zone": 0.022
      },
      "sweep": {
        "a0.01_K1": {
          "cost": 1.2060158051298129,
          "cost_ratio": 1.0122037688654892,
          "zone": 0.008
        },
        "a0.01_K3": {
          "cost": 1.2193621871990794,
          "cost_ratio": 1.0234053287237999,
          "zone": 0.012
        },
        "a0.01_K5": {
          "cost": 1.218909238243951,
          "cost_ratio": 1.0230251706549467,
          "zone": 0.006
        },
        "a0.05_K1": {
          "cost": 1.2063002660622277,
          "cost_ratio": 1.0124425156768166,
          "zone": 0.008
        },
        "a0.05_K3": {
          "cost": 1.1813878007079222,
          "cost_ratio": 0.9915335929113769,
          "zone": 0.036
        },
        "a0.05_K5": {
          "cost": 1.1927289511395762,
          "cost_ratio": 1.0010521706624829,
          "zone": 0.018
        },
        "a0.1_K1": {
          "cost": 1.208161418368344,
          "cost_ratio": 1.0140045726338405,
          "zone": 0.004
        },
        "a0.1_K3": {
          "cost": 1.1932791129585465,
          "cost_ratio": 1.0015139190610352,
          "zone": 0.02
        },
        "a0.1_K5": {
          "cost": 1.1826585820386084,
          "cost_ratio": 0.9926001541014154,
          "zone": 0.018
        }
      }
    },
    {
      "seed": 2,
      "original": {
        "cost": 1.2168763315726727,
        "zone": 0.006
      },
      "sweep": {
        "a0.01_K1": {
          "cost": 1.2027712640833585,
          "cost_ratio": 0.9884079790761788,
          "zone": 0.018
        },
        "a0.01_K3": {
          "cost": 1.2153633136346935,
          "cost_ratio": 0.9987558171241283,
          "zone": 0.006
        },
        "a0.01_K5": {
          "cost": 1.1989082630238057,
          "cost_ratio": 0.985233459377829,
          "zone": 0.008
        },
        "a0.05_K1": {
          "cost": 1.2118904312382317,
          "cost_ratio": 0.9959018873923833,
          "zone": 0.008
        },
        "a0.05_K3": {
          "cost": 1.2054056298246247,
          "cost_ratio": 0.9905728363489013,
          "zone": 0.004
        },
        "a0.05_K5": {
          "cost": 1.1982818188152793,
          "cost_ratio": 0.9847186628636094,
          "zone": 0.016
        },
        "a0.1_K1": {
          "cost": 1.2027881206047453,
          "cost_ratio": 0.9884218313527801,
          "zone": 0.012
        },
        "a0.1_K3": {
          "cost": 1.200960453830923,
          "cost_ratio": 0.9869198995422334,
          "zone": 0.006
        },
        "a0.1_K5": {
          "cost": 1.1940752941592037,
          "cost_ratio": 0.9812618438836395,
          "zone": 0.012
        }
      }
    },
    {
      "seed": 3,
      "original": {
        "cost": 1.2048612870253488,
        "zone": 0.018
      },
      "sweep": {
        "a0.01_K1": {
          "cost": 1.2068874587685332,
          "cost_ratio": 1.0016808325440947,
          "zone": 0.012
        },
        "a0.01_K3": {
          "cost": 1.1901482870708013,
          "cost_ratio": 0.9877878159910919,
          "zone": 0.03
        },
        "a0.01_K5": {
          "cost": 1.2058300393821444,
          "cost_ratio": 1.0008032057831149,
          "zone": 0.02
        },
        "a0.05_K1": {
          "cost": 1.2093111319857361,
          "cost_ratio": 1.003692409504634,
          "zone": 0.01
        },
        "a0.05_K3": {
          "cost": 1.203724105121323,
          "cost_ratio": 0.9990553427422517,
          "zone": 0.006
        },
        "a0.05_K5": {
          "cost": 1.2057596827762884,
          "cost_ratio": 1.0007448118848132,
          "zone": 0.01
        },
        "a0.1_K1": {
          "cost": 1.1976024092091098,
          "cost_ratio": 0.9939745165116234,
          "zone": 0.028
        },
        "a0.1_K3": {
          "cost": 1.2060542276058293,
          "cost_ratio": 1.0009892753664182,
          "zone": 0.012
        },
        "a0.1_K5": {
          "cost": 1.1892686694667924,
          "cost_ratio": 0.9870577594414919,
          "zone": 0.01
        }
      }
    }
  ],
  "analysis": {
    "best_ratio": 0.9854698236277898,
    "best_config": "\u03b1=0.1, K=5",
    "conclusion": "MARGINAL: \u03b1=0.1, K=5 gives 0.99x."
  }
}