{
  "baseline": [
    {
      "seed": 0,
      "k80": 5,
      "no_ablation": {
        "mean_cost": 1.213775131098047,
        "in_zone_rate": 0.006,
        "success_rate": 0.0
      },
      "hard_ablation": {
        "mean_cost": 1.2157906880240468,
        "in_zone_rate": 0.01,
        "success_rate": 0.004
      },
      "hard_random": {
        "mean_cost": 1.2175700908866205,
        "in_zone_rate": 0.012,
        "success_rate": 0.0
      },
      "dim_drop": {
        "mean_cost": 1.2057552482869396,
        "in_zone_rate": 0.016,
        "success_rate": 0.0
      },
      "soft_ablation": {
        "eps_0.1": {
          "mean_cost": 1.2162326109216843,
          "in_zone_rate": 0.004,
          "success_rate": 0.0
        },
        "eps_0.5": {
          "mean_cost": 1.2176940371914877,
          "in_zone_rate": 0.006,
          "success_rate": 0.0
        },
        "eps_1.0": {
          "mean_cost": 1.19748202824468,
          "in_zone_rate": 0.032,
          "success_rate": 0.002
        }
      }
    },
    {
      "seed": 1,
      "k80": 2,
      "no_ablation": {
        "mean_cost": 1.203010122180244,
        "in_zone_rate": 0.008,
        "success_rate": 0.002
      },
      "hard_ablation": {
        "mean_cost": 1.2077167883430624,
        "in_zone_rate": 0.008,
        "success_rate": 0.0
      },
      "hard_random": {
        "mean_cost": 1.219157301131565,
        "in_zone_rate": 0.012,
        "success_rate": 0.002
      },
      "dim_drop": {
        "mean_cost": 1.205955061807429,
        "in_zone_rate": 0.016,
        "success_rate": 0.006
      },
      "soft_ablation": {
        "eps_0.1": {
          "mean_cost": 1.2115451774468253,
          "in_zone_rate": 0.012,
          "success_rate": 0.002
        },
        "eps_0.5": {
          "mean_cost": 1.2035029840346243,
          "in_zone_rate": 0.018,
          "success_rate": 0.01
        },
        "eps_1.0": {
          "mean_cost": 1.2145635952054503,
          "in_zone_rate": 0.004,
          "success_rate": 0.0
        }
      }
    },
    {
      "seed": 2,
      "k80": 3,
      "no_ablation": {
        "mean_cost": 1.2123978358735483,
        "in_zone_rate": 0.01,
        "success_rate": 0.002
      },
      "hard_ablation": {
        "mean_cost": 1.2161011426134765,
        "in_zone_rate": 0.008,
        "success_rate": 0.0
      },
      "hard_random": {
        "mean_cost": 1.2091691176194297,
        "in_zone_rate": 0.008,
        "success_rate": 0.0
      },
      "dim_drop": {
        "mean_cost": 1.209070304751914,
        "in_zone_rate": 0.008,
        "success_rate": 0.002
      },
      "soft_ablation": {
        "eps_0.1": {
          "mean_cost": 1.2161440179522134,
          "in_zone_rate": 0.008,
          "success_rate": 0.0
        },
        "eps_0.5": {
          "mean_cost": 1.2055893580139672,
          "in_zone_rate": 0.014,
          "success_rate": 0.002
        },
        "eps_1.0": {
          "mean_cost": 1.2046432781104788,
          "in_zone_rate": 0.026,
          "success_rate": 0.016
        }
      }
    },
    {
      "seed": 3,
      "k80": 4,
      "no_ablation": {
        "mean_cost": 1.2173467267726819,
        "in_zone_rate": 0.014,
        "success_rate": 0.002
      },
      "hard_ablation": {
        "mean_cost": 1.2026678464823588,
        "in_zone_rate": 0.014,
        "success_rate": 0.006
      },
      "hard_random": {
        "mean_cost": 1.2145177665252693,
        "in_zone_rate": 0.01,
        "success_rate": 0.0
      },
      "dim_drop": {
        "mean_cost": 1.2074283804776076,
        "in_zone_rate": 0.018,
        "success_rate": 0.002
      },
      "soft_ablation": {
        "eps_0.1": {
          "mean_cost": 1.2032351693166623,
          "in_zone_rate": 0.018,
          "success_rate": 0.01
        },
        "eps_0.5": {
          "mean_cost": 1.2167236264878034,
          "in_zone_rate": 0.008,
          "success_rate": 0.0
        },
        "eps_1.0": {
          "mean_cost": 1.2100355465567818,
          "in_zone_rate": 0.012,
          "success_rate": 0.002
        }
      }
    },
    {
      "seed": 4,
      "k80": 2,
      "no_ablation": {
        "mean_cost": 1.2123433906229608,
        "in_zone_rate": 0.01,
        "success_rate": 0.0
      },
      "hard_ablation": {
        "mean_cost": 1.2070786501160577,
        "in_zone_rate": 0.012,
        "success_rate": 0.006
      },
      "hard_random": {
        "mean_cost": 1.204501364792261,
        "in_zone_rate": 0.022,
        "success_rate": 0.012
      },
      "dim_drop": {
        "mean_cost": 1.2051947078352192,
        "in_zone_rate": 0.018,
        "success_rate": 0.002
      },
      "soft_ablation": {
        "eps_0.1": {
          "mean_cost": 1.216451407175244,
          "in_zone_rate": 0.012,
          "success_rate": 0.0
        },
        "eps_0.5": {
          "mean_cost": 1.2232401921874798,
          "in_zone_rate": 0.006,
          "success_rate": 0.0
        },
        "eps_1.0": {
          "mean_cost": 1.2082700942065319,
          "in_zone_rate": 0.012,
          "success_rate": 0.006
        }
      }
    },
    {
      "seed": 5,
      "k80": 3,
      "no_ablation": {
        "mean_cost": 1.2149583442354972,
        "in_zone_rate": 0.012,
        "success_rate": 0.0
      },
      "hard_ablation": {
        "mean_cost": 1.2168157079140247,
        "in_zone_rate": 0.012,
        "success_rate": 0.0
      },
      "hard_random": {
        "mean_cost": 1.215843196801799,
        "in_zone_rate": 0.008,
        "success_rate": 0.0
      },
      "dim_drop": {
        "mean_cost": 1.2172431611180528,
        "in_zone_rate": 0.006,
        "success_rate": 0.0
      },
      "soft_ablation": {
        "eps_0.1": {
          "mean_cost": 1.2059171234374186,
          "in_zone_rate": 0.024,
          "success_rate": 0.0
        },
        "eps_0.5": {
          "mean_cost": 1.2182027798552841,
          "in_zone_rate": 0.008,
          "success_rate": 0.0
        },
        "eps_1.0": {
          "mean_cost": 1.2210723697109909,
          "in_zone_rate": 0.002,
          "success_rate": 0.0
        }
      }
    },
    {
      "seed": 6,
      "k80": 3,
      "no_ablation": {
        "mean_cost": 1.2173258519022763,
        "in_zone_rate": 0.008,
        "success_rate": 0.0
      },
      "hard_ablation": {
        "mean_cost": 1.2117636109246939,
        "in_zone_rate": 0.012,
        "success_rate": 0.004
      },
      "hard_random": {
        "mean_cost": 1.2128858866027745,
        "in_zone_rate": 0.016,
        "success_rate": 0.006
      },
      "dim_drop": {
        "mean_cost": 1.2086870125424594,
        "in_zone_rate": 0.01,
        "success_rate": 0.002
      },
      "soft_ablation": {
        "eps_0.1": {
          "mean_cost": 1.2034405348074562,
          "in_zone_rate": 0.01,
          "success_rate": 0.002
        },
        "eps_0.5": {
          "mean_cost": 1.205774995284829,
          "in_zone_rate": 0.008,
          "success_rate": 0.0
        },
        "eps_1.0": {
          "mean_cost": 1.2162131625388313,
          "in_zone_rate": 0.016,
          "success_rate": 0.006
        }
      }
    },
    {
      "seed": 7,
      "k80": 1,
      "no_ablation": {
        "mean_cost": 1.2022734498389034,
        "in_zone_rate": 0.024,
        "success_rate": 0.008
      },
      "hard_ablation": {
        "mean_cost": 1.218158047226646,
        "in_zone_rate": 0.006,
        "success_rate": 0.0
      },
      "hard_random": {
        "mean_cost": 1.2061757016327774,
        "in_zone_rate": 0.022,
        "success_rate": 0.0
      },
      "dim_drop": {
        "mean_cost": 1.2097521078485631,
        "in_zone_rate": 0.006,
        "success_rate": 0.0
      },
      "soft_ablation": {
        "eps_0.1": {
          "mean_cost": 1.2155004606546398,
          "in_zone_rate": 0.008,
          "success_rate": 0.002
        },
        "eps_0.5": {
          "mean_cost": 1.2095690006415571,