{
  "r=1": {
    "cost_mean": 1.209528728817046,
    "cost_std": 0.008653629442511324,
    "eff_rank_mean": 1.0000046640634537,
    "constraint_rank": 1
  },
  "r=2": {
    "cost_mean": 1.2096246624855118,
    "cost_std": 0.008942280540741566,
    "eff_rank_mean": 1.0691688060760498,
    "constraint_rank": 2
  },
  "r=3": {
    "cost_mean": 1.2096932079290665,
    "cost_std": 0.008986639637247818,
    "eff_rank_mean": 1.6608019471168518,
    "constraint_rank": 3
  },
  "r=4": {
    "cost_mean": 1.2094624628832178,
    "cost_std": 0.008940032946173397,
    "eff_rank_mean": 1.8723024874925613,
    "constraint_rank": 4
  },
  "r=8": {
    "cost_mean": 1.210274469772695,
    "cost_std": 0.009295947233645262,
    "eff_rank_mean": 1.95694200694561,
    "constraint_rank": 8
  },
  "r=16": {
    "cost_mean": 1.209677652738121,
    "cost_std": 0.008674725830016907,
    "eff_rank_mean": 1.9817465096712112,
    "constraint_rank": 16
  },
  "full_rank": {
    "cost_mean": 1.2096246624855118,
    "cost_std": 0.008942280540741566,
    "eff_rank_mean": 1.0691688060760498,
    "constraint_rank": 0
  },
  "analysis": {
    "cost_curve": {
      "r=1": 1.209528728817046,
      "r=2": 1.2096246624855118,
      "r=3": 1.2096932079290665,
      "r=4": 1.2094624628832178,
      "r=8": 1.210274469772695,
      "r=16": 1.209677652738121,
      "full_rank": 1.2096246624855118
    },
    "eff_rank_curve": {
      "r=1": 1.0000046640634537,
      "r=2": 1.0691688060760498,
      "r=3": 1.6608019471168518,
      "r=4": 1.8723024874925613,
      "r=8": 1.95694200694561,
      "r=16": 1.9817465096712112,
      "full_rank": 1.0691688060760498
    },
    "best_rank": "r=4",
    "conclusion": "OPTIMAL r=r=4: cost=1.2095. Rank not exactly 2."
  }
}