{
  "4": {
    "alignment_gt_list": [
      0.9566023225835104,
      0.7313517812326923,
      0.6903528830224417,
      0.983775836623447,
      0.7933240743886028,
      0.9548410581031316,
      0.9854265200076124,
      0.7294581144741388
    ],
    "R2_list": [
      0.9310259048263899,
      0.42262841317603117,
      0.9750707565290161,
      0.5285781340217224,
      0.6904100820997252,
      0.9366454185651902,
      0.8777827461499468,
      0.9982708686979898
    ],
    "k80_list": [
      2,
      2,
      3,
      2,
      1,
      2,
      2,
      2
    ],
    "alignment_gt_list_mean": 0.8531415738044471,
    "alignment_gt_list_std": 0.12032257270990745,
    "R2_list_mean": 0.7950515405082514,
    "R2_list_std": 0.2060777210431729,
    "k80_list_mean": 2.0,
    "k80_list_std": 0.5,
    "summary": {
      "d": 4,
      "k": 2,
      "alignment_gt": "0.8531 \u00b1 0.1203",
      "R2": "0.7951 \u00b1 0.2061",
      "k80": "2.00 \u00b1 0.50"
    }
  },
  "8": {
    "alignment_gt_list": [
      0.7860915142235687,
      0.9442622197264584,
      0.8044622554141587,
      0.578385079909444,
      0.9635008062906861,
      0.9434323117742041,
      0.8201059475783155,
      0.859116082322427
    ],
    "R2_list": [
      0.9487420463385898,
      0.24904936114594955,
      0.6038736085618805,
      0.4528961473611789,
      0.408675352988928,
      0.5979621834921681,
      0.4951968437799503,
      0.5475975061227769
    ],
    "k80_list": [
      3,
      2,
      2,
      3,
      3,
      3,
      3,
      3
    ],
    "alignment_gt_list_mean": 0.8374195271549079,
    "alignment_gt_list_std": 0.1173353380715496,
    "R2_list_mean": 0.5379991312239278,
    "R2_list_std": 0.18908597529871615,
    "k80_list_mean": 2.75,
    "k80_list_std": 0.4330127018922193,
    "summary": {
      "d": 8,
      "k": 2,
      "alignment_gt": "0.8374 \u00b1 0.1173",
      "R2": "0.5380 \u00b1 0.1891",
      "k80": "2.75 \u00b1 0.43"
    }
  },
  "16": {
    "alignment_gt_list": [
      0.655599745674734,
      0.7996566687133813,
      0.5912116477849342,
      0.6982175641860606,
      0.5724351336931965,
      0.563556611857025,
      0.503607760886573,
      0.6557665781400447
    ],
    "R2_list": [
      0.6636713529034965,
      0.5506274270273421,
      0.4621661079398748,
      0.8416332625495738,
      0.4706001445223785,
      0.4004866891983594,
      0.7349217011911381,
      0.41618910910136964
    ],
    "k80_list": [
      3,
      4,
      2,
      4,
      4,
      5,
      3,
      5
    ],
    "alignment_gt_list_mean": 0.6300064638669937,
    "alignment_gt_list_std": 0.08657674090966254,
    "R2_list_mean": 0.5675369743041916,
    "R2_list_std": 0.15165170459996571,
    "k80_list_mean": 3.75,
    "k80_list_std": 0.9682458365518543,
    "summary": {
      "d": 16,
      "k": 2,
      "alignment_gt": "0.6300 \u00b1 0.0866",
      "R2": "0.5675 \u00b1 0.1517",
      "k80": "3.75 \u00b1 0.97"
    }
  },
  "boundary_analysis": {
    "d_list": [
      4,
      8,
      16
    ],
    "alignment_means": [
      0.8531415738044471,
      0.8374195271549079,
      0.6300064638669937
    ],
    "R2_means": [
      0.7950515405082514,
      0.5379991312239278,
      0.5675369743041916
    ],
    "boundary": "Partial degradation seen; no clear boundary identified."
  }
}