{
  "0.0": {
    "alpha": 0.0,
    "R2_mean": 0.9989706107446162,
    "R2_std": 0.001418012456246732,
    "alignment_gt_mean": 1.0,
    "alignment_gt_std": 8.777083671441753e-17,
    "k80_mean": 1.5,
    "k80_std": 0.5,
    "raw_R2": [
      0.9999921737818723,
      0.9999976187842723,
      0.9997354729759189,
      0.9999804781074686,
      0.9961618591695789,
      0.9970799524570056,
      0.9988912516258796,
      0.9999260790549339
    ],
    "raw_align": [
      0.9999999999999999,
      0.9999999999999999,
      0.9999999999999999,
      0.9999999999999999,
      1.0,
      1.0,
      1.0,
      0.9999999999999999
    ]
  },
  "0.1": {
    "alpha": 0.1,
    "R2_mean": 0.9990549544014851,
    "R2_std": 0.0021536224280143458,
    "alignment_gt_mean": 1.0,
    "alignment_gt_std": 7.850462293418876e-17,
    "k80_mean": 1.5,
    "k80_std": 0.5,
    "raw_R2": [
      0.9996437973746053,
      0.9999880385679553,
      0.9999683233477668,
      0.9933666831866864,
      0.9999939722330229,
      0.9997071371455437,
      0.9999522419532982,
      0.9998194414030027
    ],
    "raw_align": [
      0.9999999999999999,
      1.0,
      0.9999999999999999,
      0.9999999999999999,
      0.9999999999999999,
      1.0,
      1.0,
      1.0
    ]
  },
  "0.2": {
    "alpha": 0.2,
    "R2_mean": 0.9993318014817741,
    "R2_std": 0.0008508681311531093,
    "alignment_gt_mean": 1.0,
    "alignment_gt_std": 5.551115123125783e-17,
    "k80_mean": 1.375,
    "k80_std": 0.4841229182759271,
    "raw_R2": [
      0.9991909846336534,
      0.9999794351733231,
      0.9998653081855804,
      0.9999902251222879,
      0.9993750089675212,
      0.9973003574679152,
      0.9989949503520372,
      0.9999581419518745
    ],
    "raw_align": [
      1.0,
      1.0,
      1.0,
      0.9999999999999999,
      1.0,
      0.9999999999999999,
      1.0,
      1.0
    ]
  },
  "0.3": {
    "alpha": 0.3,
    "R2_mean": 0.9996245869166127,
    "R2_std": 0.00036006542033798357,
    "alignment_gt_mean": 1.0,
    "alignment_gt_std": 3.925231146709438e-17,
    "k80_mean": 1.375,
    "k80_std": 0.4841229182759271,
    "raw_R2": [
      0.9989879299523344,
      0.99998482537625,
      0.9998864845440821,
      0.9998956949588108,
      0.9998087893423594,
      0.9993359345801784,
      0.9992085480682901,
      0.9998884885105968
    ],
    "raw_align": [
      1.0,
      1.0,
      0.9999999999999999,
      1.0,
      1.0,
      1.0,
      1.0,
      1.0
    ]
  },
  "0.4": {
    "alpha": 0.4,
    "R2_mean": 0.9986775173862377,
    "R2_std": 0.0019990995684333697,
    "alignment_gt_mean": 1.0,
    "alignment_gt_std": 7.850462293418876e-17,
    "k80_mean": 1.375,
    "k80_std": 0.4841229182759271,
    "raw_R2": [
      0.9995415011620146,
      0.9999805767645752,
      0.9999477543898783,
      0.9951257137884606,
      0.999967881425392,
      0.999721041434535,
      0.9953227093852881,
      0.9998129607397575
    ],
    "raw_align": [
      1.0,
      0.9999999999999999,
      1.0,
      0.9999999999999999,
      1.0,
      0.9999999999999999,
      0.9999999999999999,
      1.0
    ]
  },
  "0.5": {
    "alpha": 0.5,
    "R2_mean": 0.9979326646878772,
    "R2_std": 0.004730091628581758,
    "alignment_gt_mean": 1.0,
    "alignment_gt_std": 6.798699777552591e-17,
    "k80_mean": 1.375,
    "k80_std": 0.4841229182759271,
    "raw_R2": [
      0.9994099548667643,
      0.9999926790896686,
      0.9999361519630934,
      0.9854434821170981,
      0.9999093039158735,
      0.9990834934315315,
      0.9997031053073728,
      0.9999831468116152
    ],
    "raw_align": [
      1.0,
      1.0,
      1.0,
      1.0,
      1.0,
      0.9999999999999999,
      0.9999999999999999,
      0.9999999999999999
    ]
  },
  "0.6": {
    "alpha": 0.6,
    "R2_mean": 0.9999278037505802,
    "R2_std": 6.567419681063598e-05,
    "alignment_gt_mean": 1.0,
    "alignment_gt_std": 1.1775693440128312e-16,
    "k80_mean": 1.375,
    "k80_std": 0.4841229182759271,
    "raw_R2": [
      0.9998434533171089,
      0.9999967374159437,
      0.999998080463756,
      0.9999693005600317,
      0.9999985010373117,
      0.9998501803224672,
      0.9999049371662931,
      0.999861239721729
    ],
    "raw_align": [
      0.9999999999999999,
      1.0,
      1.0000000000000002,
      0.9999999999999999,
      1.0,
      0.9999999999999999,
      0.9999999999999999,
      0.9999999999999999
    ]
  },
  "0.7": {
    "alpha": 0.7,
    "R2_mean": 0.9987853353047468,
    "R2_std": 0.002894078968897143,
    "alignment_gt_mean": 1.0,
    "alignment_gt_std": 8.777083671441753e-17,
    "k80_mean": 1.625,
    "k80_std": 0.4841229182759271,
    "raw_R2": [
      0.9997971666547192,
      0.9999431287015619,
      0.9999905969190515,
      0.9999506674702293,
      0.9996550796750646,
      0.999918434411456,
      0.9911329138264806,
      0.9998946947794112
    ],
    "raw_align": [
      1.0,
      1.0,
      1.0,
      1.0,
      1.0,
      1.0000000000000002,
      1.0,
      0.9999999999999999
    ]
  },
  "0.8": {
    "alpha": 0.8,
    "R2_mean": 0.9994089175218139,
    "R2_std": 0.0008352453362563963,
    "alignment_gt_mean": 1.0,
    "alignment_gt_std": 7.850462293418876e-17,
    "k80_mean": 1.625,
    "k80_std": 0.4841229182759271,
    "raw_R2": [
      0.9997408624556349,
      0.9999180527425744,
      0.9999990763983843,
      0.9999988747500839,
      0.9995859031774531,
      0.9987496918106155,
      0.9974425184801998,
      0.999836360359566
    ],
    "raw_align": [
      0.9999999999999999,
      1.0,
      0.9999999999999999,
      0.9999999999999999,
      1.0,
      1.0,
      0.9999999999999999,
      1.0
    ]
  },
  "0.9": {
    "alpha": 0.9,
    "R2_mean": 0.9969277283848856,
    "R2_std": 0.007142052895717257,
    "alignment_gt_mean": 1.0,
    "alignment_gt_std": 6.798699777552591e-17,
    "k80_mean": 1.625,
    "k80_std": 0.4841229182759271,
    "raw_R2": [
      0.9998312392940771,
      0.9987495244520702,
      0.9999861574377579,
      0.999972301200818,
      0.9999749362502821,
      0.9780741388373467,
      0.9988853944421472,
      0.9999481351645858
    ],
    "raw_align": [
      1.0,
      0.9999999999999999,
      1.0,
      1.0,
      1.0,
      1.0,
      0.9999999999999999,
      0.9999999999999999
    ]
  },
  "1.0": {
    "alpha": 1.0,
    "R2_mean": 0.9975663478605161,
    "R2_std": 0.004165240957311536,
    "alignment_gt_mean": 1.0,
    "alignment_gt_std": 6.798699777552591e-17,
    "k80_mean": 1.5,
    "k80_std": 0.5,
    "raw_R2": [
      0.9997031750608951,
      0.9999999135206074,
      0.9999920219859474,
      0.9885525853947859,
      0.9998299544431584,
      0.9999448259556879,
      0.9925833907616722,
      0.9999249157613752
    ],
    "raw_align": [
      0.9999999999999999,
      1.0,
      1.0,
      1.0,
      0.9999999999999999,
      0.9999999999999999,
      1.0,
      1.0
    ]
  },
  "phase_analysis": {
    "alpha_crit": null,
    "R2_curve": [
      0.9989706107446162,
      0.9990549544014851,
      0.9993318014817741,
      0.9996245869166127,
      0.9986775173862377,
      0.9979326646878772,
      0.9999278037505802,
      0.9987853353047468,
      0.9994089175218139,
      0.9969277283848856,
      0.9975663478605161
    ],
    "alignment_curve": [
      1.0,
      1.0,
      1.0,
      1.0,
      1.0,
      1.0,
      1.0,
      1.0,
      1.0,
      1.0,
      1.0
    ],
    "k80_curve": [
      1.5,
      1.5,
      1.375,
      1.375,
      1.375,
      1.375,
      1.375,
      1.625,
      1.625,
      1.625,
      1.5
    ],
    "mechanism": "GRADUAL: no significant R2 drop across alpha. Semantic encoding is robust to reward noise."
  }
}