{
  "0.0": {
    "alpha": 0.0,
    "R2_mean": 0.7677905604572427,
    "R2_std": 0.11288926890286077,
    "alignment_gt_mean": 0.6043372818278427,
    "alignment_gt_std": 0.17002844387793956,
    "k80_mean": 3.625,
    "k80_std": 0.6959705453537527
  },
  "0.1": {
    "alpha": 0.1,
    "R2_mean": 0.7080446276318709,
    "R2_std": 0.14265482670971386,
    "alignment_gt_mean": 0.6290994750238388,
    "alignment_gt_std": 0.12322352656158482,
    "k80_mean": 3.625,
    "k80_std": 0.4841229182759271
  },
  "0.2": {
    "alpha": 0.2,
    "R2_mean": 0.75084800864808,
    "R2_std": 0.17401388924973799,
    "alignment_gt_mean": 0.6722742856325761,
    "alignment_gt_std": 0.16892763515237952,
    "k80_mean": 3.75,
    "k80_std": 0.6614378277661477
  },
  "0.3": {
    "alpha": 0.3,
    "R2_mean": 0.7536116375561254,
    "R2_std": 0.19147722428220354,
    "alignment_gt_mean": 0.6252907928022755,
    "alignment_gt_std": 0.09333309712709177,
    "k80_mean": 3.75,
    "k80_std": 0.6614378277661477
  },
  "0.4": {
    "alpha": 0.4,
    "R2_mean": 0.6253358107772411,
    "R2_std": 0.18746625043607962,
    "alignment_gt_mean": 0.7123770832041922,
    "alignment_gt_std": 0.10001009957165055,
    "k80_mean": 3.75,
    "k80_std": 0.6614378277661477
  },
  "0.5": {
    "alpha": 0.5,
    "R2_mean": 0.7723456363025036,
    "R2_std": 0.1372608354701739,
    "alignment_gt_mean": 0.7169251015633644,
    "alignment_gt_std": 0.10110062464168271,
    "k80_mean": 3.75,
    "k80_std": 0.6614378277661477
  },
  "0.6": {
    "alpha": 0.6,
    "R2_mean": 0.6626424102707786,
    "R2_std": 0.18763795096051372,
    "alignment_gt_mean": 0.7232040741404724,
    "alignment_gt_std": 0.14858270410410057,
    "k80_mean": 3.5,
    "k80_std": 0.5
  },
  "0.7": {
    "alpha": 0.7,
    "R2_mean": 0.6840005082424377,
    "R2_std": 0.14807921000842664,
    "alignment_gt_mean": 0.8052054610025966,
    "alignment_gt_std": 0.13518421270393505,
    "k80_mean": 3.25,
    "k80_std": 0.4330127018922193
  },
  "0.8": {
    "alpha": 0.8,
    "R2_mean": 0.6982505002009272,
    "R2_std": 0.1891718625014692,
    "alignment_gt_mean": 0.845229121740303,
    "alignment_gt_std": 0.08544995768476531,
    "k80_mean": 3.0,
    "k80_std": 0.5
  },
  "0.9": {
    "alpha": 0.9,
    "R2_mean": 0.7214471391579502,
    "R2_std": 0.20761971276124688,
    "alignment_gt_mean": 0.8812559877115544,
    "alignment_gt_std": 0.09860452057956579,
    "k80_mean": 2.625,
    "k80_std": 0.8569568250501305
  },
  "1.0": {
    "alpha": 1.0,
    "R2_mean": 0.7383839188925176,
    "R2_std": 0.1548171199092435,
    "alignment_gt_mean": 0.9006079847594518,
    "alignment_gt_std": 0.08211082043563046,
    "k80_mean": 2.625,
    "k80_std": 0.8569568250501305
  },
  "phase_analysis": {
    "alpha_crit": null,
    "R2_curve": [
      0.7677905604572427,
      0.7080446276318709,
      0.75084800864808,
      0.7536116375561254,
      0.6253358107772411,
      0.7723456363025036,
      0.6626424102707786,
      0.6840005082424377,
      0.6982505002009272,
      0.7214471391579502,
      0.7383839188925176
    ],
    "alignment_curve": [
      0.6043372818278427,
      0.6290994750238388,
      0.6722742856325761,
      0.6252907928022755,
      0.7123770832041922,
      0.7169251015633644,
      0.7232040741404724,
      0.8052054610025966,
      0.845229121740303,
      0.8812559877115544,
      0.9006079847594518
    ],
    "k80_curve": [
      3.625,
      3.625,
      3.75,
      3.75,
      3.75,
      3.75,
      3.5,
      3.25,
      3.0,
      2.625,
      2.625
    ],
    "mechanism": "GRADUAL: no significant R2 drop. Semantics robust to reward noise even at d=8."
  }
}