{
  "A_task_geometry": {
    "ID_90pct": 2,
    "ID_95pct": 2,
    "explained_var_ratio": [
      0.6614391803741455,
      0.3385607898235321
    ],
    "note": "s_control intrinsic dimension \u2248 2-2"
  },
  "B_action_dim_sweep": {
    "action_dim_1": {
      "eff_rank_mean": 1.0,
      "eff_rank_std": 0.0
    },
    "action_dim_2": {
      "eff_rank_mean": 1.9958054423332214,
      "eff_rank_std": 0.004515456196096531
    },
    "action_dim_4": {
      "eff_rank_mean": 3.989677846431732,
      "eff_rank_std": 0.003005372314587113
    },
    "action_dim_8": {
      "eff_rank_mean": 7.93657386302948,
      "eff_rank_std": 0.0031248314197913954
    }
  },
  "C_optimization_trajectory": {
    "effective_ranks": [
      1.990883231163025,
      1.987944483757019,
      1.9879757165908813,
      1.9882694482803345,
      1.9877865314483643,
      1.987504243850708,
      1.9867422580718994,
      1.987297773361206,
      1.987517237663269,
      1.9873771667480469,
      1.9874041080474854,
      1.9874223470687866,
      1.9876344203948975,
      1.9878649711608887,
      1.9880160093307495,
      1.987989902496338,
      1.9875353574752808,
      1.9872955083847046,
      1.9875259399414062,
      1.9874186515808105,
      1.9874025583267212,
      1.9873526096343994,
      1.9870916604995728,
      1.9867843389511108,
      1.986762285232544,
      1.9866892099380493,
      1.9865827560424805,
      1.9867808818817139,
      1.9871454238891602,
      1.9874471426010132
    ],
    "initial_rank": 1.990883231163025,
    "final_rank": 1.9874471426010132
  },
  "analysis": {
    "id_90": 2,
    "conclusion": "Task manifold ID\u22482 \u2192 rank=2 matches s_control intrinsic dimension. Rank follows action_dim \u2192 parameterization constraint."
  }
}