{
  "alpha_0.0": {
    "R2_list": [
      0.9998030275176054,
      0.9999973326241454,
      0.9726862128582427,
      0.9960865673502435,
      0.9980142902797113,
      0.9999940313376938,
      0.945327876560166,
      0.9999908973953447
    ],
    "alignment_gt_list": [
      1.0,
      1.0,
      1.0,
      1.0,
      1.0,
      1.0,
      0.9999999999999999,
      1.0
    ],
    "k80_list": [
      2,
      1,
      2,
      2,
      1,
      2,
      1,
      2
    ],
    "R2_list_mean": 0.988987529490394,
    "R2_list_std": 0.018655377634879296,
    "alignment_gt_list_mean": 1.0,
    "alignment_gt_list_std": 3.925231146709438e-17,
    "k80_list_mean": 1.625,
    "k80_list_std": 0.4841229182759271,
    "summary": {
      "alpha": 0.0,
      "R2": "0.9890 \u00b1 0.0187",
      "alignment_gt": "1.0000 \u00b1 0.0000",
      "k80": "1.62 \u00b1 0.48"
    }
  },
  "alpha_0.1": {
    "R2_list": [
      0.9999556847143084,
      0.9999871460513661,
      0.9916000527149369,
      0.9895725089616543,
      0.9999160970674796,
      0.9999987319041423,
      0.9437060181645636,
      0.9998732129550656
    ],
    "alignment_gt_list": [
      1.0,
      0.9999999999999999,
      1.0,
      0.9999999999999999,
      1.0,
      0.9999999999999999,
      0.9999999999999999,
      1.0
    ],
    "k80_list": [
      2,
      1,
      2,
      2,
      2,
      2,
      1,
      2
    ],
    "R2_list_mean": 0.9905761815666896,
    "R2_list_std": 0.018158546503838476,
    "alignment_gt_list_mean": 1.0,
    "alignment_gt_list_std": 7.850462293418876e-17,
    "k80_list_mean": 1.75,
    "k80_list_std": 0.4330127018922193,
    "summary": {
      "alpha": 0.1,
      "R2": "0.9906 \u00b1 0.0182",
      "alignment_gt": "1.0000 \u00b1 0.0000",
      "k80": "1.75 \u00b1 0.43"
    }
  },
  "alpha_0.2": {
    "R2_list": [
      0.9997784853038906,
      0.9999669061445521,
      0.9897363011682334,
      0.9988326658376896,
      0.9972966966330821,
      0.9999986518896541,
      0.931155444447876,
      0.9996741596096669
    ],
    "alignment_gt_list": [
      0.9999999999999999,
      0.9999999999999999,
      1.0,
      1.0,
      1.0,
      1.0,
      0.9999999999999999,
      0.9999999999999997
    ],
    "k80_list": [
      1,
      1,
      2,
      2,
      1,
      2,
      1,
      2
    ],
    "R2_list_mean": 0.9895549138793306,
    "R2_list_std": 0.022307354746289417,
    "alignment_gt_list_mean": 1.0,
    "alignment_gt_list_std": 1.3597399555105182e-16,
    "k80_list_mean": 1.5,
    "k80_list_std": 0.5,
    "summary": {
      "alpha": 0.2,
      "R2": "0.9896 \u00b1 0.0223",
      "alignment_gt": "1.0000 \u00b1 0.0000",
      "k80": "1.50 \u00b1 0.50"
    }
  },
  "alpha_0.3": {
    "R2_list": [
      0.9995178949961993,
      0.9999660069299363,
      0.9865969800333376,
      0.9907861373498885,
      0.9981629926930432,
      0.9999980775979069,
      0.9486299582557354,
      0.9994586152111612
    ],
    "alignment_gt_list": [
      0.9999999999999999,
      0.9999999999999999,
      1.0,
      1.0,
      0.9999999999999999,
      0.9999999999999999,
      0.9999999999999999,
      1.0000000000000002
    ],
    "k80_list": [
      2,
      1,
      2,
      2,
      1,
      2,
      1,
      2
    ],
    "R2_list_mean": 0.9903895828834011,
    "R2_list_std": 0.016463739469375367,
    "alignment_gt_list_mean": 1.0,
    "alignment_gt_list_std": 1.1775693440128312e-16,
    "k80_list_mean": 1.625,
    "k80_list_std": 0.4841229182759271,
    "summary": {
      "alpha": 0.3,
      "R2": "0.9904 \u00b1 0.0165",
      "alignment_gt": "1.0000 \u00b1 0.0000",
      "k80": "1.62 \u00b1 0.48"
    }
  },
  "alpha_0.4": {
    "R2_list": [
      0.9999334384044873,
      0.9999922284545569,
      0.990288225031929,
      0.9985422526924274,
      0.9972659279729266,
      0.9999976239561224,
      0.975006115793729,
      0.9999107866711439
    ],
    "alignment_gt_list": [
      1.0,
      0.9999999999999999,
      0.9999999999999999,
      1.0,
      0.9999999999999999,
      0.9999999999999999,
      1.0,
      1.0
    ],
    "k80_list": [
      1,
      1,
      2,
      2,
      1,
      2,
      1,
      2
    ],
    "R2_list_mean": 0.9951170748721654,
    "R2_list_std": 0.008199708766803279,
    "alignment_gt_list_mean": 1.0,
    "alignment_gt_list_std": 7.850462293418876e-17,
    "k80_list_mean": 1.5,
    "k80_list_std": 0.5,
    "summary": {
      "alpha": 0.4,
      "R2": "0.9951 \u00b1 0.0082",
      "alignment_gt": "1.0000 \u00b1 0.0000",
      "k80": "1.50 \u00b1 0.50"
    }
  },
  "alpha_0.5": {
    "R2_list": [
      0.9998538829635054,
      0.999995010904263,
      0.9607912223477498,
      0.9993639809839256,
      0.9944770673043443,
      0.9999985588163266,
      0.9840876488418624,
      0.9998399253122241
    ],
    "alignment_gt_list": [
      1.0,
      1.0,
      1.0,
      0.9999999999999999,
      1.0,
      0.9999999999999999,
      1.0,
      0.9999999999999999
    ],
    "k80_list": [
      1,
      2,
      2,
      2,
      1,
      2,
      1,
      2
    ],
    "R2_list_mean": 0.9923009121842752,
    "R2_list_std": 0.012977277476522147,
    "alignment_gt_list_mean": 1.0,
    "alignment_gt_list_std": 6.798699777552591e-17,
    "k80_list_mean": 1.625,
    "k80_list_std": 0.4841229182759271,
    "summary": {
      "alpha": 0.5,
      "R2": "0.9923 \u00b1 0.0130",
      "alignment_gt": "1.0000 \u00b1 0.0000",
      "k80": "1.62 \u00b1 0.48"
    }
  },
  "alpha_0.6": {
    "R2_list": [
      0.9998813609842613,
      0.9999957108038375,
      0.980470309116643,
      0.999823730055779,
      0.9978987938458765,
      0.9999971335787542,
      0.930909635321217,
      0.9999325853774141
    ],
    "alignment_gt_list": [
      1.0,
      1.0,
      1.0,
      1.0,
      0.9999999999999999,
      1.0,
      0.9999999999999999,
      1.0
    ],
    "k80_list": [
      1,
      2,
      2,
      2,
      1,
      2,
      1,
      2
    ],
    "R2_list_mean": 0.9886136573854728,
    "R2_list_std": 0.02269956419548583,
    "alignment_gt_list_mean": 1.0,
    "alignment_gt_list_std": 5.551115123125783e-17,
    "k80_list_mean": 1.625,
    "k80_list_std": 0.4841229182759271,
    "summary": {
      "alpha": 0.6,
      "R2": "0.9886 \u00b1 0.0227",
      "alignment_gt": "1.0000 \u00b1 0.0000",
      "k80": "1.62 \u00b1 0.48"
    }
  },
  "alpha_0.7": {
    "R2_list": [
      0.999890512541064,
      0.9999779542217403,
      0.9310120521502808,
      0.9999247872763212,
      0.9855748828474356,
      0.9999981357289006,
      0.9774380278993412,
      0.9999810483590555
    ],
    "alignment_gt_list": [
      0.9999999999999999,
      0.9999999999999999,
      1.0,
      0.9999999999999999,
      1.0,
      1.0,
      1.0,
      0.9999999999999999
    ],
    "k80_list": [
      1,
      1,
      2,
      2,
      1,
      2,
      2,
      2
    ],
    "R2_list_mean": 0.9867246751280174,
    "R2_list_std": 0.022546086212223888,
    "alignment_gt_list_mean": 1.0,
    "alignment_gt_list_std": 7.850462293418876e-17,
    "k80_list_mean": 1.625,
    "k80_list_std": 0.4841229182759271,
    "summary": {
      "alpha": 0.7,
      "R2": "0.9867 \u00b1 0.0225",
      "alignment_gt": "1.0000 \u00b1 0.0000",
      "k80": "1.62 \u00b1 0.48"
    }
  },
  "alpha_0.8": {
    "R2_list": [
      0.9999240675331121,
      0.9999467244315605,
      0.9909481373878151,
      0.9994188675949921,
      0.9981169174957483,
      0.9999945969426959,
      0.9711098975494771,
      0.9999971008145386
    ],
    "alignment_gt_list": [
      1.0,
      0.9999999999999999,
      0.9999999999999999,
      1.0,
      1.0,
      1.0,
      1.0,
      0.9999999999999999
    ],
    "k80_list": [
      1,
      1,
      2,
      2,
      1,
      2,
      1,
      2
    ],
    "R2_list_mean": 0.9949320387187424,
    "R2_list_std": 0.009453787205261787,
    "alignment_gt_list_mean": 1.0,
    "alignment_gt_list_std": 6.798699777552591e-17,
    "k80_list_mean": 1.5,