{
  "seeds": [
    {
      "pre_switch_R2": 0.986961098211716,
      "pre_switch_alignment_gt": 0.7426421576438829,
      "post_switch_R2": 0.9707832042654014,
      "post_switch_alignment_gt": 0.9306306772065731,
      "angle_changes": [
        0.44611657495016765,
        0.25347510844476784,
        0.1521663411728117,
        0.06531146783027586,
        0.1210094266402435,
        0.07699176952505349,
        0.27946745494509684,
        0.12255690944133668,
        0.18915135323371723,
        0.19534804226945346,
        0.1254681239497779,
        0.2894344460859506,
        0.014640778314050307,
        0.01782441398654888,
        0.07834023030973192,
        0.21705940052732575,
        0.21898943013638816,
        0.2499221218120533,
        0.0626398565860482,
        0.018474204368830516
      ],
      "angle_change_mean": 0.15971937272648148,
      "angle_change_max": 0.44611657495016765
    },
    {
      "pre_switch_R2": 0.9587433060575271,
      "pre_switch_alignment_gt": 0.903335569274314,
      "post_switch_R2": 0.9188381606299357,
      "post_switch_alignment_gt": 0.8622143465821747,
      "angle_changes": [
        0.03675182068145999,
        0.03613493711123017,
        0.13216553215969995,
        0.0679371641739066,
        0.2003514406578898,
        0.3043399830826402,
        0.06974294161576511,
        0.10962128227693124,
        1.833434182252347e-09,
        0.08178423792444933,
        0.1960653538329289,
        0.20915029474738533,
        0.1371016597612551,
        0.018001857284308254,
        0.05226082847272506,
        0.04404746295418238,
        0.16311605051405131,
        0.21049699676522193,
        0.15871792599943602,
        0.10579038635465565
      ],
      "angle_change_mean": 0.11667890791017783,
      "angle_change_max": 0.3043399830826402
    },
    {
      "pre_switch_R2": 0.8946699846566156,
      "pre_switch_alignment_gt": 0.7045721737142406,
      "post_switch_R2": 0.9723664414407985,
      "post_switch_alignment_gt": 0.986953319276457,
      "angle_changes": [
        0.08201424174201177,
        0.16582520907277332,
        0.18814764026828235,
        0.0663494065614113,
        0.08063119840709954,
        0.2777957376339911,
        0.10507423927633541,
        0.11809190440087391,
        0.32278771934024064,
        0.2937615882615052,
        0.3112755017022235,
        0.05051783795521825,
        0.2804836833026614,
        0.05234840621204895,
        0.09993291567083773,
        0.21471576062378117,
        0.30135333849865353,
        0.2950863598491391,
        0.1899750406407601,
        0.23839618002330787
      ],
      "angle_change_mean": 0.1867281954721578,
      "angle_change_max": 0.32278771934024064
    },
    {
      "pre_switch_R2": 0.5813600245414141,
      "pre_switch_alignment_gt": 0.9548442207511181,
      "post_switch_R2": 0.8421545258792149,
      "post_switch_alignment_gt": 0.7407863611022959,
      "angle_changes": [
        0.20185615970819126,
        0.017850798081038954,
        0.1759506028933009,
        0.28065836319294146,
        0.2903240839665874,
        0.017287415250257787,
        0.29712969558709545,
        0.2971297420507044,
        0.2699971918392865,
        0.2866957516083751,
        0.27642703931389534,
        0.2643878848645169,
        0.01148284531439403,
        0.22297807794576097,
        0.2990875582330794,
        0.2922733081279719,
        0.09850896087672767,
        0.2932030672280236,
        0.0020325361080382187,
        0.27907392935958564
      ],
      "angle_change_mean": 0.20871675057748865,
      "angle_change_max": 0.2990875582330794
    },
    {
      "pre_switch_R2": 0.938073224635829,
      "pre_switch_alignment_gt": 0.876789030989095,
      "post_switch_R2": 0.9635008116561313,
      "post_switch_alignment_gt": 0.8054478611561654,
      "angle_changes": [
        0.2528019756189145,
        0.06500985602976639,
        0.2757453377837308,
        0.20418527860159885,
        0.12019140839583486,
        0.3626703550563116,
        0.1497626726955642,
        0.15350214875370882,
        0.24380268663373927,
        0.17093868680079471,
        0.21841647549237597,
        0.1544235191387331,
        0.21299575407026983,
        0.21383996856055731,
        0.046376965934280645,
        0.35864424525085725,
        0.2770340425178326,
        0.19897390962596728,
        0.016026569906272825,
        0.285604157150926
      ],
      "angle_change_mean": 0.1990473007009018,
      "angle_change_max": 0.3626703550563116
    },
    {
      "pre_switch_R2": 0.6553431891431147,
      "pre_switch_alignment_gt": 0.8819984460607047,
      "post_switch_R2": 0.7790623837684808,
      "post_switch_alignment_gt": 0.7394443484957341,
      "angle_changes": [
        0.150255610322777,
        0.1535892522530029,
        0.13731966061143974,
        0.21673375211139156,
        0.30687044297554744,
        0.25041637738817124,
        0.3920557736677468,
        0.4350383958733488,
        0.25879332362245633,
        0.19797322322926947,
        0.32690096387149603,
        0.2772720942666618,
        0.18617475742069178,
        0.3704886178548328,
        0.2979614013697973,
        0.1681210170211096,
        0.2521003968204195,
        0.027741058472740776,
        0.273547048490999,
        0.23099923040119652
      ],
      "angle_change_mean": 0.2455176199022548,
      "angle_change_max": 0.4350383958733488
    },
    {
      "pre_switch_R2": 0.8644275230300841,
      "pre_switch_alignment_gt": 0.9006568218779243,
      "post_switch_R2": 0.9889730398887203,
      "post_switch_alignment_gt": 0.9144050906070076,
      "angle_changes": [
        0.10537763527822441,
        0.06687532236549965,
        0.014612465949959463,
        0.0682795949866728,
        0.06408739127050356,
        0.017024886333701694,
        0.09966291786397241,
        0.1038257348601348,
        0.032277045651834424,
        0.06382154184831812,
        0.00925277389511392,
        0.0030595880410179133,
        0.02412314179975361,
        0.16658348960051383,
        0.22737173957869372,
        0.08706848728972605,
        0.18468950020260788,
        0.17365451432868295,
        0.20156677121923228,
        0.12858821642214113
      ],
      "angle_change_mean": 0.09209013793931524,
      "angle_change_max": 0.22737173957869372
    },
    {
      "pre_switch_R2": 0.9497758493743483,
      "pre_switch_alignment_gt": 0.7993124517744227,
      "post_switch_R2": 0.9702576952663035,
      "post_switch_alignment_gt": 0.9708277600132666,
      "angle_changes": [
        0.256316036274135,
        0.1785797195478538,
        0.14622734378255908,
        0.22008661761027004,
        0.15899466715560473,
        0.27584274524567687,
        0.2678831027119094,
        0.2524572115509508,
        0.16814853030923238,
        0.20891488354072696,
        0.14156117896129727,
        0.04006831535804367,
        0.23028532384546485,
        0.06088275180727287,
        0.11196709973731722,
        0.06960861069600954,
        0.01764225678778275,
        0.08937986778583884,
        0.06112009957271036,
        0.114163944413057
      ],
      "angle_change_mean": 0.15350651533468568,
      "angle_change_max": 0.27584274524567687
    }
  ],
  "aggregate": {
    "pre_alignment": "0.8455 \u00b1 0.0816",
    "post_alignment": "0.8688 \u00b1 0.0918",
    "pre_R2": "0.8537 \u00b1 0.1416",
    "post_R2": "0.9257 \u00b1 0.0708"
  },
  "conclusion": "WEAK TRIGGER: moderate alignment drop -0.023, R2 drop -0.072. Partial reorganization observed."
}