{
  "seeds": [
    {
      "seed": 0,
      "ranks": [
        1.9998140335083008,
        1.9997642040252686,
        1.9997780323028564,
        1.9995003938674927,
        1.9994384050369263,
        1.9994299411773682,
        1.9996211528778076,
        1.9997628927230835,
        1.999793291091919,
        1.999625563621521,
        1.9995861053466797,
        1.9994912147521973,
        1.9994325637817383,
        1.9994357824325562,
        1.9992053508758545,
        1.9990710020065308,
        1.999146580696106,
        1.9990254640579224,
        1.9989932775497437,
        1.9993512630462646,
        1.9993592500686646,
        1.9993896484375,
        1.9993144273757935,
        1.9993865489959717,
        1.9995269775390625,
        1.9996089935302734,
        1.9996461868286133,
        1.9996124505996704,
        1.9993807077407837,
        1.9994151592254639
      ],
      "costs": [
        0.30103074803421986,
        1.2968194376594508,
        1.1597078190616874,
        1.1864882771429948,
        1.2476163018645254,
        1.1293808154451008,
        1.2068544533589554,
        1.252572697239068,
        1.2075603549982707,
        1.250796946453356,
        0.32884427543599337,
        1.225289210887357,
        1.291273226189993,
        1.187112454130171,
        1.354250580690919,
        1.1921921640430797,
        1.1673481727535706,
        1.2590257182896831,
        1.2292541483200357,
        1.2193339342544376,
        0.5319492873460454,
        1.2183860882182107,
        1.1882943001129314,
        1.2330529910793284,
        1.2169081778461264,
        1.1952732563448414,
        1.2935001331070246,
        1.2593145033830904,
        1.2432833286306126,
        1.1715506386083097
      ],
      "steps": [
        0,
        100,
        200,
        300,
        400,
        500,
        600,
        700,
        800,
        900,
        1000,
        1100,
        1200,
        1300,
        1400,
        1500,
        1600,
        1700,
        1800,
        1900,
        2000,
        2100,
        2200,
        2300,
        2400,
        2500,
        2600,
        2700,
        2800,
        2900
      ],
      "collapse_step": null,
      "initial_rank": 1.9998140335083008,
      "final_rank": 1.9994151592254639
    },
    {
      "seed": 1,
      "ranks": [
        1.9999773502349854,
        1.9999276399612427,
        1.999983787536621,
        1.9999767541885376,
        1.9999662637710571,
        1.9999104738235474,
        1.999751329421997,
        1.9997471570968628,
        1.9997133016586304,
        1.9997243881225586,
        1.999653697013855,
        1.9997122287750244,
        1.9996320009231567,
        1.9995461702346802,
        1.9994490146636963,
        1.9992750883102417,
        1.9991812705993652,
        1.9992023706436157,
        1.9991778135299683,
        1.9991185665130615,
        1.9991222620010376,
        1.999091625213623,
        1.9992116689682007,
        1.99910306930542,
        1.999045968055725,
        1.998941421508789,
        1.998832106590271,
        1.9985319375991821,
        1.998430848121643,
        1.998456358909607
      ],
      "costs": [
        0.25711288550109074,
        1.2942376568078342,
        1.3008089264093126,
        1.4111308194752596,
        1.215415481873944,
        1.297421625625547,
        1.167347630327667,
        1.2011152199153698,
        1.202814158841347,
        1.3188449905928574,
        0.3129442752594314,
        1.2006858148573123,
        1.292781896580231,
        1.3283886050425875,
        1.1584994006722071,
        1.2225274480497859,
        1.2384144026812685,
        1.3083930326724493,
        1.1592828230458339,
        1.2586799853383401,
        0.6052849488064871,
        1.1631041184225663,
        1.2614358633333798,
        1.2022432801437912,
        1.2490953933671152,
        1.1798851623684312,
        1.211423489559067,
        1.164023210840155,
        1.1299674834015179,
        1.2493388560912961
      ],
      "steps": [
        0,
        100,
        200,
        300,
        400,
        500,
        600,
        700,
        800,
        900,
        1000,
        1100,
        1200,
        1300,
        1400,
        1500,
        1600,
        1700,
        1800,
        1900,
        2000,
        2100,
        2200,
        2300,
        2400,
        2500,
        2600,
        2700,
        2800,
        2900
      ],
      "collapse_step": null,
      "initial_rank": 1.9999773502349854,
      "final_rank": 1.998456358909607
    },
    {
      "seed": 2,
      "ranks": [
        1.999496340751648,
        1.998856544494629,
        1.9991697072982788,
        1.999159574508667,
        1.9991941452026367,
        1.9991412162780762,
        1.999102234840393,
        1.9990366697311401,
        1.998904824256897,
        1.9988856315612793,
        1.9989742040634155,
        1.9984065294265747,
        1.998661756515503,
        1.9984924793243408,
        1.9983576536178589,
        1.9983584880828857,
        1.9984391927719116,
        1.9983474016189575,
        1.9981797933578491,
        1.998194932937622,
        1.9981223344802856,
        1.9981919527053833,
        1.9981682300567627,
        1.9980864524841309,
        1.998007893562317,
        1.997948408126831,
        1.997890591621399,
        1.9978153705596924,
        1.9978147745132446,
        1.997818946838379
      ],
      "costs": [
        0.5189182949033535,
        1.191741880391948,
        1.1752003262399076,
        1.1966712673356232,
        1.3032362706861544,
        1.2001501256428935,
        1.2121944386376666,
        1.2414797006661886,
        1.2314637573439031,
        1.2643683924791005,
        0.34773293674316713,
        1.190374175873362,
        1.2651407421957785,
        1.2015339288434248,
        1.1725724815556728,
        1.2013564619837436,
        1.2057666473797677,
        1.2682708833334255,
        1.2163356156412488,
        1.306679301763226,
        0.5255027363653988,
        1.0703466258838596,
        1.1202803934146413,
        1.2434696042417335,
        1.2636671524323226,
        1.1093538505039333,
        1.2077528754433948,
        1.249324740765908,
        1.1660860659986625,
        1.1697079297615522
      ],
      "steps": [
        0,
        100,
        200,
        300,
        400,
        500,
        600,
        700,
        800,
        900,
        1000,
        1100,
        1200,
        1300,
        1400,
        1500,
        1600,
        1700,
        1800,
        1900,
        2000,
        2100,
        2200,
        2300,
        2400,
        2500,
        2600,
        2700,
        2800,
        2900
      ],
      "collapse_step": null,
      "initial_rank": 1.999496340751648,
      "final_rank": 1.997818946838379
    },
    {
      "seed": 3,
      "ranks": [
        1.9994479417800903,
        1.9986252784729004,
        1.998706579208374,
        1.9991040229797363,
        1.998971939086914,
        1.9987382888793945,
        1.998734474182129,
        1.9986127614974976,
        1.998639702796936,
        1.9986406564712524,
        1.9988845586776733,
        1.9988811016082764,
        1.9988267421722412,
        1.998873233795166,
        1.9991453886032104,
        1.9992551803588867,
        1.9992754459381104,
        1.9992867708206177,
        1.9990788698196411,
        1.998868465423584,
        1.9987082481384277,
        1.9987589120864868,
        1.9987612962722778,
        1.998693823814392,
        1.9987154006958008,
        1.998878002166748,
        1.9989397525787354,
        1.9989676475524902,
        1.9989711046218872,
        1.998832106590271
      ],