{
  "4": {
    "k80_list": [
      1.006,
      1.004,
      1.004,
      1.064,
      1.0,
      1.05,
      1.148,
      1.038
    ],
    "R2_list": [
      0.013149618214712167,
      0.006930715131484133,
      0.005122298795001035,
      0.006496867359215841,
      0.009289365034228836,
      0.010520735782554191,
      0.022867518300759504,
      0.008400715090467692
    ],
    "alignment_time_mean_list": [
      0.4816324902226557,
      0.8257787571347225,
      0.5416566087091182,
      0.6634051149232456,
      0.94231369992666,
      0.5064507727111978,
      0.6750516292280946,
      0.6959503739439528
    ],
    "rank_J_list": [
      1.316,
      0.228,
      0.65,
      1.666,
      0.092,
      1.294,
      1.952,
      2.056
    ],
    "effective_rank_list": [
      1.052395856727495,
      1.0126574108725888,
      1.0319667462311715,
      1.1612332821676854,
      1.0016964848025725,
      1.1009552357835535,
      1.21820787714698,
      1.1567069168603743
    ],
    "k80_list_mean": 1.03925,
    "k80_list_std": 0.04702060718451005,
    "R2_list_mean": 0.010347229213552925,
    "R2_list_std": 0.005283782665912906,
    "alignment_time_mean_list_mean": 0.6665299308499559,
    "alignment_time_mean_list_std": 0.14906817620317578,
    "rank_J_list_mean": 1.15675,
    "rank_J_list_std": 0.7069009389582107,
    "effective_rank_list_mean": 1.0919774763240526,
    "effective_rank_list_std": 0.0746753840980405,
    "summary": {
      "hidden_dim": 4,
      "k80": "1.04 \u00b1 0.05",
      "R2": "0.0103 \u00b1 0.0053",
      "alignment_time": "0.6665 \u00b1 0.1491",
      "rank_J": "1.16 \u00b1 0.71"
    }
  },
  "8": {
    "k80_list": [
      1.452,
      1.476,
      1.14,
      1.328,
      1.402,
      1.254,
      1.072,
      1.772
    ],
    "R2_list": [
      0.020777646352491463,
      0.013701171757898312,
      0.012235701912175934,
      0.012813608407867938,
      0.01853742547620585,
      0.020624959302935286,
      0.028187776916898222,
      0.05172616157635568
    ],
    "alignment_time_mean_list": [
      0.6399717059000136,
      0.4718177588783934,
      0.47645649577996424,
      0.514802529216766,
      0.5040169567543099,
      0.5869364342040401,
      0.47056202449364976,
      0.6378443765914453
    ],
    "rank_J_list": [
      3.252,
      2.344,
      1.738,
      2.964,
      2.262,
      2.128,
      1.302,
      3.73
    ],
    "effective_rank_list": [
      1.675598879967957,
      1.7074852818906239,
      1.1994153876192322,
      1.5558921524119127,
      1.5916227011829547,
      1.3595963315039044,
      1.1214171621170932,
      2.141493937581697
    ],
    "k80_list_mean": 1.362,
    "k80_list_std": 0.20524375751773793,
    "R2_list_mean": 0.022325556462853585,
    "R2_list_std": 0.012170977439526125,
    "alignment_time_mean_list_mean": 0.5378010352273228,
    "alignment_time_mean_list_std": 0.06816352452813933,
    "rank_J_list_mean": 2.465,
    "rank_J_list_std": 0.7515909791901443,
    "effective_rank_list_mean": 1.544065229284422,
    "effective_rank_list_std": 0.3030621928512001,
    "summary": {
      "hidden_dim": 8,
      "k80": "1.36 \u00b1 0.21",
      "R2": "0.0223 \u00b1 0.0122",
      "alignment_time": "0.5378 \u00b1 0.0682",
      "rank_J": "2.46 \u00b1 0.75"
    }
  },
  "16": {
    "k80_list": [
      2.26,
      2.406,
      2.594,
      2.372,
      2.31,
      2.402,
      2.094,
      2.552
    ],
    "R2_list": [
      0.01928126496962035,
      0.0633287053927779,
      0.050832996636664185,
      0.04819556349008958,
      0.035228039450163284,
      0.04962787887541542,
      0.054729464727863,
      0.06832819659424061
    ],
    "alignment_time_mean_list": [
      0.5540737068418476,
      0.5526756089026961,
      0.6826575445144357,
      0.6307975526723301,
      0.5121820822156864,
      0.5706770995308272,
      0.5319944161931339,
      0.6355151703138262
    ],
    "rank_J_list": [
      4.154,
      5.28,
      6.484,
      5.19,
      4.792,
      5.85,
      3.692,
      7.03
    ],
    "effective_rank_list": [
      2.775893183467372,
      3.08060909646037,
      3.4241034121845786,
      3.032302871461832,
      2.8972094606186376,
      3.1172145833556817,
      2.5430431715790562,
      3.367202344001175
    ],
    "k80_list_mean": 2.3737500000000002,
    "k80_list_std": 0.1489074796643876,
    "R2_list_mean": 0.04869401376710429,
    "R2_list_std": 0.014526871923832892,
    "alignment_time_mean_list_mean": 0.583821647648098,
    "alignment_time_mean_list_std": 0.05533260178275538,
    "rank_J_list_mean": 5.309,
    "rank_J_list_std": 1.0527435585174578,
    "effective_rank_list_mean": 3.029697265391088,
    "effective_rank_list_std": 0.27352461242642345,
    "summary": {
      "hidden_dim": 16,
      "k80": "2.37 \u00b1 0.15",
      "R2": "0.0487 \u00b1 0.0145",
      "alignment_time": "0.5838 \u00b1 0.0553",
      "rank_J": "5.31 \u00b1 1.05"
    }
  },
  "32": {
    "k80_list": [
      2.704,
      2.234,
      1.592,
      3.004,
      1.824,
      3.14,
      2.458,
      2.588
    ],
    "R2_list": [
      0.05523955803597791,
      0.0391578684375774,
      0.08985066433678279,
      0.08564814538377086,
      0.03364241197898554,
      0.14471258301881385,
      0.059789044270296965,
      0.06775308928170065
    ],
    "alignment_time_mean_list": [
      0.6108807783564963,
      0.46530577421958097,
      0.5074616767570875,
      0.5849738010275576,
      0.3611388636238324,
      0.6001096376485074,
      0.503148830803349,
      0.457092631989
    ],
    "rank_J_list": [
      5.258,
      4.014,
      2.162,
      5.782,
      2.614,
      7.742,
      3.914,
      4.72
    ],
    "effective_rank_list": [
      3.45779493198794,
      2.7719627702477085,
      1.7945688298717093,
      3.892542760697851,
      2.074709263646946,
      4.187272930855923,
      2.98381341210282,
      3.250716714255698
    ],
    "k80_list_mean": 2.4430000000000005,
    "k80_list_std": 0.5050920708148169,
    "R2_list_mean": 0.07197417059298825,
    "R2_list_std": 0.03314739573357813,
    "alignment_time_mean_list_mean": 0.5112639993031765,
    "alignment_time_mean_list_std": 0.07977683753836642,
    "rank_J_list_mean": 4.52575,
    "rank_J_list_std": 1.6723703051357974,
    "effective_rank_list_mean": 3.0516727017083243,
    "effective_rank_list_std": 0.7761132612449487,
    "summary": {
      "hidden_dim": 32,
      "k80": "2.44 \u00b1 0.51",
      "R2": "0.0720 \u00b1 0.0331",
      "alignment_time": "0.5113 \u00b1 0.0798",
      "rank_J": "4.53 \u00b1 1.67"
    }
  },
  "64": {
    "k80_list": [
      2.81,
      2.504,
      2.66,
      2.874,
      1.456,
      2.688,
      2.506,
      3.852
    ],
    "R2_list": [
      0.16066068947078282,
      0.11534580085273272,
      0.06877717091306945,
      0.10918770998661176,
      0.3080199518143253,
      0.16728204009035386,
      0.10293744430607643,
      0.08298030637917442
    ],
    "alignment_time_mean_list": [
      0.6363110393558946,
      0.6913116119733402,
      0.5033821118497298,
      0.5756237327895793,
      0.5779290369185311,
      0.5310333055534664,
      0.4851952177887265,
      0.5951758192890463
    ],
    "rank_J_list": [
      5.29,
      5.078,
      4.38,
      5.32,
      1.612,
      4.42,
      3.864,
      8.19
    ],
    "effective_rank_list": [
      3.6099671353860723,
      3.1292688135694835,
      3.2953774101525823,
      3.644092741235281,
      1.5242682913519197,
      3.3461336703429607,
      3.0271717253591715,
      5.196952315559151
    ],
    "k80_list_mean": 2.66875,
    "k80_list_std": 0.6110441371128603,
    "R2_list_mean": 0.13939888922664084,
    "R2_list_std": 0.07128620480594368,
    "alignment_time_mean_list_mean": 0.5744952344397893,
    "alignment_time_mean_list_std": 0.06405907365090018,
    "rank_J_list_mean": 4.7692499999999995,
    "rank_J_list_std": 1.7114525811426968,
    "effective_rank_list_mean": 3.346654012869578,