{
  "0": {
    "k80_list": [
      3.45,
      2.234,
      1.592,
      3.004,
      1.824,
      3.14,
      2.458,
      2.588
    ],
    "R2_list": [
      0.047659547157000826,
      0.0391578684375774,
      0.08985066433678279,
      0.08564814538377086,
      0.03364241197898554,
      0.14471258301881385,
      0.059789044270296965,
      0.06775308928170065
    ],
    "spectral_entropy_list": [
      1.7819830984480935,
      1.1984267150476058,
      0.6226060630482368,
      1.5844459805654039,
      0.7468090328407675,
      1.7649560708437493,
      1.1997175144647167,
      1.3681479222656303
    ],
    "effective_rank_list": [
      4.6070132498162515,
      2.7719627702477085,
      1.7945688298717093,
      3.892542760697851,
      2.074709263646946,
      4.187272930855923,
      2.98381341210282,
      3.250716714255698
    ],
    "k80_list_mean": 2.5362500000000003,
    "k80_list_std": 0.6038736933332997,
    "R2_list_mean": 0.07102666923311611,
    "R2_list_std": 0.03371566834598644,
    "spectral_entropy_list_mean": 1.2833865496905255,
    "spectral_entropy_list_std": 0.40575453746850854,
    "effective_rank_list_mean": 3.1953249914368635,
    "effective_rank_list_std": 0.9292386309601481,
    "summary": {
      "sigma": 0,
      "k80": "2.54 \u00b1 0.60",
      "R2": "0.0710 \u00b1 0.0337",
      "spectral_entropy": "1.2834 \u00b1 0.4058"
    }
  },
  "0.05": {
    "k80_list": [
      2.706,
      2.234,
      1.592,
      3.004,
      1.824,
      3.14,
      2.458,
      2.588
    ],
    "R2_list": [
      0.055330045861504584,
      0.03697988563845711,
      0.10015797589462772,
      0.08621189128727735,
      0.03902029073720614,
      0.14953487970613188,
      0.05892752886871233,
      0.06980103539032823
    ],
    "spectral_entropy_list": [
      1.4820699439486724,
      1.1984255708780567,
      0.6226068469538965,
      1.5844857873348661,
      0.7468083746742293,
      1.7647138257307566,
      1.1997178692817025,
      1.3680975194050975
    ],
    "effective_rank_list": [
      3.4577787924039893,
      2.7719476046366314,
      1.794575393918413,
      3.892900931517409,
      2.074691226431257,
      4.186285232743476,
      2.9838350331081864,
      3.250633785112008
    ],
    "k80_list_mean": 2.44325,
    "k80_list_std": 0.5052216716452294,
    "R2_list_mean": 0.07449544167303067,
    "R2_list_std": 0.03486468691438842,
    "spectral_entropy_list_mean": 1.2458657172759098,
    "spectral_entropy_list_std": 0.37021784189315504,
    "effective_rank_list_mean": 3.0515809999839214,
    "effective_rank_list_std": 0.775979434009483,
    "summary": {
      "sigma": 0.05,
      "k80": "2.44 \u00b1 0.51",
      "R2": "0.0745 \u00b1 0.0349",
      "spectral_entropy": "1.2459 \u00b1 0.3702"
    }
  },
  "0.1": {
    "k80_list": [
      2.704,
      2.234,
      1.592,
      3.006,
      1.824,
      3.142,
      2.458,
      2.59
    ],
    "R2_list": [
      0.05744014686938359,
      0.03645052370021806,
      0.1035238551737121,
      0.08488727237910043,
      0.040581834634510594,
      0.15149769689376547,
      0.05801609331211188,
      0.07018230190209551
    ],
    "spectral_entropy_list": [
      1.4820705929367,
      1.1984189827157288,
      0.6226063990978074,
      1.584476368408674,
      0.7468089543513702,
      1.7647075829871062,
      1.1997174336304437,
      1.368049680988569
    ],
    "effective_rank_list": [
      3.457826060994512,
      2.771890209659491,
      1.794575846724648,
      3.8932551865797134,
      2.074686135008198,
      4.186433153335972,
      2.9838551741298653,
      3.2507740635044073
    ],
    "k80_list_mean": 2.44375,
    "k80_list_std": 0.5057869487244604,
    "R2_list_mean": 0.0753224656081122,
    "R2_list_std": 0.03544911529220512,
    "spectral_entropy_list_mean": 1.2458569993895499,
    "spectral_entropy_list_std": 0.37021385802028045,
    "effective_rank_list_mean": 3.051661978742101,
    "effective_rank_list_std": 0.7760651533743317,
    "summary": {
      "sigma": 0.1,
      "k80": "2.44 \u00b1 0.51",
      "R2": "0.0753 \u00b1 0.0354",
      "spectral_entropy": "1.2459 \u00b1 0.3702"
    }
  },
  "0.2": {
    "k80_list": [
      2.702,
      2.232,
      1.592,
      3.006,
      1.824,
      3.142,
      2.458,
      2.59
    ],
    "R2_list": [
      0.05877432731866283,
      0.03277945003742,
      0.09942323473562087,
      0.07975596736084445,
      0.041321949844417505,
      0.14876298552146272,
      0.057701242773886774,
      0.06983282631872845
    ],
    "spectral_entropy_list": [
      1.4820849526880115,
      1.1984189234403098,
      0.6226067746369386,
      1.5843994539672783,
      0.7468081563045481,
      1.764396956032654,
      1.199722943134564,
      1.3680241610767592
    ],
    "effective_rank_list": [
      3.4578694970196686,
      2.7719157842351074,
      1.7945758136825238,
      3.893293954148192,
      2.0746523164056674,
      4.186824138524231,
      2.98392236996015,
      3.25105061851214
    ],
    "k80_list_mean": 2.44325,
    "k80_list_std": 0.5057627284606883,
    "R2_list_mean": 0.07354399798888045,
    "R2_list_std": 0.03454912654374215,
    "spectral_entropy_list_mean": 1.245807790160133,
    "spectral_entropy_list_std": 0.3701507184181553,
    "effective_rank_list_mean": 3.05176306156096,
    "effective_rank_list_std": 0.7761570315891212,
    "summary": {
      "sigma": 0.2,
      "k80": "2.44 \u00b1 0.51",
      "R2": "0.0735 \u00b1 0.0345",
      "spectral_entropy": "1.2458 \u00b1 0.3702"
    }
  },
  "0.5": {
    "k80_list": [
      2.708,
      2.234,
      1.592,
      3.004,
      1.824,
      3.144,
      2.458,
      2.592
    ],
    "R2_list": [
      0.05317244016177147,
      0.03249961895724207,
      0.07489123107056572,
      0.057913283136571514,
      0.04122139032655747,
      0.10843505427296507,
      0.05363582305540071,
      0.06676328779145058
    ],
    "spectral_entropy_list": [
      1.481749528322313,
      1.1984290532822042,
      0.6226064300364434,
      1.5845465795503701,
      0.746799578223448,
      1.7659159455884115,
      1.199693885681542,
      1.367955535979088
    ],
    "effective_rank_list": [
      3.45713092242925,
      2.7720033946015947,
      1.794570940998523,
      3.8927113616012745,
      2.074595303494395,
      4.1905729860015475,
      2.9834614443134337,
      3.2515536847991307
    ],
    "k80_list_mean": 2.4445,
    "k80_list_std": 0.5061864774961892,
    "R2_list_mean": 0.061066516096565576,
    "R2_list_std": 0.02180804181333527,
    "spectral_entropy_list_mean": 1.2459620670829774,
    "spectral_entropy_list_std": 0.37040606328054587,
    "effective_rank_list_mean": 3.0520750047798937,
    "effective_rank_list_std": 0.7767432122506996,
    "summary": {
      "sigma": 0.5,
      "k80": "2.44 \u00b1 0.51",
      "R2": "0.0611 \u00b1 0.0218",
      "spectral_entropy": "1.2460 \u00b1 0.3704"
    }
  },
  "sigma_critical": {
    "sigma_crit": null,
    "r2_means": [
      0.07102666923311611,
      0.07449544167303067,
      0.0753224656081122,
      0.07354399798888045,
      0.061066516096565576
    ],
    "k80_means": [
      2.5362500000000003,
      2.44325,
      2.44375,
      2.44325,
      2.4445
    ]
  }
}