{
  "2": {
    "k80_list": [
      2.0,
      2.0,
      1.996,
      2.0,
      2.0,
      1.008,
      1.988,
      2.0
    ],
    "R2_list": [
      0.39325995300020555,
      0.6821884600578945,
      0.6700082598754596,
      0.642146127075597,
      0.2943723195437298,
      0.3636536165509272,
      0.741482718311647,
      0.48437012070050733
    ],
    "alignment_time_mean_list": [
      1.0,
      1.0,
      0.999423463254071,
      1.0,
      1.0,
      0.9977097749664975,
      0.9999072128498753,
      1.0
    ],
    "silhouette_list": [
      0.0,
      0.0,
      0.0,
      0.0,
      0.0,
      0.0,
      0.0,
      0.0
    ],
    "alignment_gt_list": [
      1.0,
      0.9999999999999999,
      0.9999999999999999,
      0.9999999999999999,
      0.9999999999999999,
      1.0,
      1.0,
      0.9999999999999999
    ],
    "effective_rank_list": [
      1.8949860541779768,
      1.8773998896652337,
      1.7053024724830261,
      1.8695491931494579,
      1.9794414819919959,
      1.226075690736524,
      1.8978886986261754,
      1.823987832368888
    ],
    "k80_list_mean": 1.874,
    "k80_list_std": 0.32734080100103624,
    "R2_list_mean": 0.533935196889496,
    "R2_list_std": 0.1596530994830646,
    "alignment_time_mean_list_mean": 0.9996300563838054,
    "alignment_time_mean_list_std": 0.0007492720254863672,
    "silhouette_list_mean": 0.0,
    "silhouette_list_std": 0.0,
    "alignment_gt_list_mean": 1.0,
    "alignment_gt_list_std": 8.777083671441753e-17,
    "effective_rank_list_mean": 1.7843289141499097,
    "effective_rank_list_std": 0.22321489465978162,
    "summary": {
      "d": 2,
      "k": 2,
      "k80": "1.87 \u00b1 0.33",
      "R2": "0.5339 \u00b1 0.1597",
      "alignment_time": "0.9996 \u00b1 0.0007",
      "silhouette": "0.0000 \u00b1 0.0000",
      "alignment_gt": "1.0000 \u00b1 0.0000"
    }
  },
  "4": {
    "k80_list": [
      2.266,
      2.166,
      2.028,
      2.072,
      1.976,
      2.014,
      1.838,
      2.182
    ],
    "R2_list": [
      0.3512095874749691,
      0.2619487855928293,
      0.4074668608265827,
      0.3294109514129788,
      0.3026832662363028,
      0.6538142460874131,
      0.7851781727941454,
      0.5945225885795783
    ],
    "alignment_time_mean_list": [
      0.8798430221973441,
      0.8364197252372668,
      0.8697254740048805,
      0.8504298620366185,
      0.8508122451082353,
      0.9661622193788252,
      0.9073520015621047,
      0.8249110486547238
    ],
    "silhouette_list": [
      0.0,
      0.0,
      0.0,
      0.0,
      0.0,
      0.0,
      0.0,
      0.0
    ],
    "alignment_gt_list": [
      0.9407378818095858,
      0.986372691086221,
      0.9985872092957708,
      0.9787243243571067,
      0.885414059517927,
      0.9824207201469074,
      0.9702405905077518,
      0.9604573380256448
    ],
    "effective_rank_list": [
      2.8987694547284235,
      2.765938431862221,
      2.5425701836283783,
      2.5375423134531587,
      2.46531112553143,
      2.8151323172209417,
      2.2614800576160805,
      2.666567674865031
    ],
    "k80_list_mean": 2.06775,
    "k80_list_std": 0.12634254034172337,
    "R2_list_mean": 0.46077930737559997,
    "R2_list_std": 0.17924065413443216,
    "alignment_time_mean_list_mean": 0.8732069497724999,
    "alignment_time_mean_list_std": 0.04267440291989897,
    "silhouette_list_mean": 0.0,
    "silhouette_list_std": 0.0,
    "alignment_gt_list_mean": 0.9628693518433644,
    "alignment_gt_list_std": 0.03356167028338797,
    "effective_rank_list_mean": 2.619163944863208,
    "effective_rank_list_std": 0.19509928752757025,
    "summary": {
      "d": 4,
      "k": 2,
      "k80": "2.07 \u00b1 0.13",
      "R2": "0.4608 \u00b1 0.1792",
      "alignment_time": "0.8732 \u00b1 0.0427",
      "silhouette": "0.0000 \u00b1 0.0000",
      "alignment_gt": "0.9629 \u00b1 0.0336"
    }
  },
  "8": {
    "k80_list": [
      2.852,
      2.07,
      2.392,
      2.684,
      2.472,
      2.508,
      2.544,
      2.85
    ],
    "R2_list": [
      0.15797297685035638,
      0.07757692376384451,
      0.08623480503207925,
      0.18886680036916892,
      0.1317187484365161,
      0.12708658354897628,
      0.20716589510941508,
      0.08475299928562563
    ],
    "alignment_time_mean_list": [
      0.7824580239030317,
      0.6790479419441349,
      0.6657559603616849,
      0.7463731648522014,
      0.7813626118781072,
      0.7612359093912682,
      0.74900739707735,
      0.7555359625522492
    ],
    "silhouette_list": [
      0.0,
      0.0,
      0.0,
      0.0,
      0.0,
      0.0,
      0.0,
      0.0
    ],
    "alignment_gt_list": [
      0.9333593743158028,
      0.8298572210928432,
      0.7341299581799251,
      0.904825600280489,
      0.7047561704633757,
      0.9081538551599453,
      0.7491024857535259,
      0.7380744122432219
    ],
    "effective_rank_list": [
      3.7848024071709823,
      2.574550613384707,
      3.022424828057701,
      3.5614430908743624,
      3.1481480971541695,
      3.3430476192175744,
      3.321144037477459,
      3.774173321410003
    ],
    "k80_list_mean": 2.5465,
    "k80_list_std": 0.24039290754928694,
    "R2_list_mean": 0.13267196654949776,
    "R2_list_std": 0.04591779628255794,
    "alignment_time_mean_list_mean": 0.7400971214950034,
    "alignment_time_mean_list_std": 0.041162612298592166,
    "silhouette_list_mean": 0.0,
    "silhouette_list_std": 0.0,
    "alignment_gt_list_mean": 0.8127823846861411,
    "alignment_gt_list_std": 0.08652334165773497,
    "effective_rank_list_mean": 3.3162167518433696,
    "effective_rank_list_std": 0.3799352403761179,
    "summary": {
      "d": 8,
      "k": 2,
      "k80": "2.55 \u00b1 0.24",
      "R2": "0.1327 \u00b1 0.0459",
      "alignment_time": "0.7401 \u00b1 0.0412",
      "silhouette": "0.0000 \u00b1 0.0000",
      "alignment_gt": "0.8128 \u00b1 0.0865"
    }
  },
  "16": {
    "k80_list": [
      2.704,
      2.234,
      1.592,
      3.004,
      1.824,
      3.14,
      2.458,
      2.588
    ],
    "R2_list": [
      0.05523955803597791,
      0.0391578684375774,
      0.08985066433678279,
      0.08564814538377086,
      0.03364241197898554,
      0.14471258301881385,
      0.059789044270296965,
      0.06775308928170065
    ],
    "alignment_time_mean_list": [
      0.6108807783564963,
      0.46530577421958097,
      0.5074616767570875,
      0.5849738010275576,
      0.3611388636238324,
      0.6001096376485074,
      0.503148830803349,
      0.457092631989
    ],
    "silhouette_list": [
      0.0,
      0.0,
      0.0,
      0.0,
      0.0,
      0.0,
      0.0,
      0.0
    ],
    "alignment_gt_list": [
      0.7384766032229694,
      0.4994237770461405,
      0.6265403896214928,
      0.6970834978871342,
      0.5657927058416152,
      0.643288226468218,
      0.6289202402726689,
      0.6726547196795941
    ],
    "effective_rank_list": [
      3.45779493198794,
      2.7719627702477085,
      1.7945688298717093,
      3.892542760697851,
      2.074709263646946,
      4.187272930855923,
      2.98381341210282,
      3.250716714255698
    ],
    "k80_list_mean": 2.4430000000000005,
    "k80_list_std": 0.5050920708148169,
    "R2_list_mean": 0.07197417059298825,
    "R2_list_std": 0.03314739573357813,
    "alignment_time_mean_list_mean": 0.5112639993031765,
    "alignment_time_mean_list_std": 0.07977683753836642,
    "silhouette_list_mean": 0.0,
    "silhouette_list_std": 0.0,
    "alignment_gt_list_mean": 0.6340225200049792,
    "alignment_gt_list_std": 0.0701068713471936,
    "effective_rank_list_mean": 3.0516727017083243,
    "effective_rank_list_std": 0.7761132612449487,
    "summary": {
      "d": 16,
      "k": 2,
      "k80": "2.44 \u00b1 0.51",
      "R2": "0.0720 \u00b1 0.0331",
      "alignment_time": "0.5113 \u00b1 0.0798",
      "silhouette": "0.0000 \u00b1 0.0000",
      "alignment_gt": "0.6340 \u00b1 0.0701"
    }
  },