{
  "split": {
    "4": {
      "align_mean": 0.9953565763505925,
      "align_std": 0.004262657879681678,
      "R2_mean": 0.9265062156806287,
      "R2_std": 0.08626542932400132,
      "k80_mean": 1.0,
      "k80_std": 0.0
    },
    "8": {
      "align_mean": 0.9228681743967093,
      "align_std": 0.09624433024875417,
      "R2_mean": 0.7819507429223735,
      "R2_std": 0.2205021206973325,
      "k80_mean": 1.25,
      "k80_std": 0.4330127018922193
    },
    "16": {
      "align_mean": 0.8852160755490877,
      "align_std": 0.10604982059816347,
      "R2_mean": 0.7512293642463075,
      "R2_std": 0.2104874757051868,
      "k80_mean": 1.5,
      "k80_std": 0.7071067811865476
    },
    "32": {
      "align_mean": 0.9012457752389138,
      "align_std": 0.09057113462234517,
      "R2_mean": 0.72387159683455,
      "R2_std": 0.14864213314834274,
      "k80_mean": 1.625,
      "k80_std": 0.9921567416492215
    }
  },
  "baseline": {
    "4": {
      "align_mean": 0.9768917388098368,
      "align_std": 0.027796823588781258,
      "R2_mean": 0.8992105162118015,
      "R2_std": 0.0718682176990282,
      "k80_mean": 1.75,
      "k80_std": 0.4330127018922193
    },
    "8": {
      "align_mean": 0.9031539096957167,
      "align_std": 0.06683213715186204,
      "R2_mean": 0.7623994312922554,
      "R2_std": 0.17186336609961692,
      "k80_mean": 2.25,
      "k80_std": 0.6614378277661477
    },
    "16": {
      "align_mean": 0.653355032463161,
      "align_std": 0.12471254141707186,
      "R2_mean": 0.6055267434083528,
      "R2_std": 0.13975950578499838,
      "k80_mean": 4.25,
      "k80_std": 0.82915619758885
    },
    "32": {
      "align_mean": 0.4322274357521589,
      "align_std": 0.11068749861404316,
      "R2_mean": 0.588381723093591,
      "R2_std": 0.1314534058261165,
      "k80_mean": 5.375,
      "k80_std": 0.6959705453537527
    }
  },
  "comparison": {
    "4": {
      "d": 4,
      "split_align": 0.9953565763505925,
      "baseline_align": 0.9768917388098368,
      "improvement": 0.018464837540755674
    },
    "8": {
      "d": 8,
      "split_align": 0.9228681743967093,
      "baseline_align": 0.9031539096957167,
      "improvement": 0.01971426470099258
    },
    "16": {
      "d": 16,
      "split_align": 0.8852160755490877,
      "baseline_align": 0.653355032463161,
      "improvement": 0.2318610430859267
    },
    "32": {
      "d": 32,
      "split_align": 0.9012457752389138,
      "baseline_align": 0.4322274357521589,
      "improvement": 0.4690183394867549
    }
  },
  "analysis": {
    "split_curve": [
      0.9953565763505925,
      0.9228681743967093,
      0.8852160755490877,
      0.9012457752389138
    ],
    "baseline_curve": [
      0.9768917388098368,
      0.9031539096957167,
      0.653355032463161,
      0.4322274357521589
    ],
    "failure_d": null,
    "conclusion": "Split encoder maintains alignment >= 0.6 across all d up to 32. No failure found."
  }
}