{
  "d2": {
    "g-0.5": {
      "action_norm_mean": {
        "mean": 0.018154727667570113,
        "std": 0.008335615309504909,
        "n": 5
      },
      "grad_norm": {
        "mean": 0.046126905083656314,
        "std": 0.007374267076199331,
        "n": 5
      }
    },
    "g0.0": {
      "action_norm_mean": {
        "mean": 0.0824715671595186,
        "std": 0.04355686381345685,
        "n": 5
      },
      "grad_norm": {
        "mean": 0.0496805090457201,
        "std": 0.03346590414320576,
        "n": 5
      }
    },
    "g0.5": {
      "action_norm_mean": {
        "mean": 0.10130299841985106,
        "std": 0.054913246833177234,
        "n": 5
      },
      "grad_norm": {
        "mean": 0.046192516759037974,
        "std": 0.022624863838689908,
        "n": 5
      }
    },
    "g1.0": {
      "action_norm_mean": {
        "mean": 0.13433118257671595,
        "std": 0.07903740105890673,
        "n": 5
      },
      "grad_norm": {
        "mean": 0.05402446566149592,
        "std": 0.028759180697160578,
        "n": 5
      }
    },
    "_correlation": {
      "rho_action_vs_g": 1.0,
      "p_action_vs_g": 0.0,
      "rho_grad_vs_g": 0.7999999999999999,
      "p_grad_vs_g": 0.2000000000000001
    }
  },
  "d10": {
    "g-0.5": {
      "action_norm_mean": {
        "mean": 0.19266257360577582,
        "std": 0.3261432839166948,
        "n": 5
      },
      "grad_norm": {
        "mean": 0.043160485848784444,
        "std": 0.030201384933404015,
        "n": 5
      }
    },
    "g0.0": {
      "action_norm_mean": {
        "mean": 0.037837406247854234,
        "std": 0.031326522359585045,
        "n": 5
      },
      "grad_norm": {
        "mean": 0.028825055807828903,
        "std": 0.013627377389898455,
        "n": 5
      }
    },
    "g0.5": {
      "action_norm_mean": {
        "mean": 0.05057234726846218,
        "std": 0.04827242635503984,
        "n": 5
      },
      "grad_norm": {
        "mean": 0.04121975181624293,
        "std": 0.028505409617009723,
        "n": 5
      }
    },
    "g1.0": {
      "action_norm_mean": {
        "mean": 0.10824782224372029,
        "std": 0.06339114228955985,
        "n": 5
      },
      "grad_norm": {
        "mean": 0.03565823175013065,
        "std": 0.019678586992570763,
        "n": 5
      }
    },
    "_correlation": {
      "rho_action_vs_g": -0.19999999999999998,
      "p_action_vs_g": 0.8,
      "rho_grad_vs_g": -0.39999999999999997,
      "p_grad_vs_g": 0.6
    }
  },
  "d50": {
    "g-0.5": {
      "action_norm_mean": {
        "mean": 0.020075540989637375,
        "std": 0.011158788714105597,
        "n": 5
      },
      "grad_norm": {
        "mean": 0.01931096757762134,
        "std": 0.013529464579006138,
        "n": 5
      }
    },
    "g0.0": {
      "action_norm_mean": {
        "mean": 0.024302524141967298,
        "std": 0.009759519709625918,
        "n": 5
      },
      "grad_norm": {
        "mean": 0.02666466883383691,
        "std": 0.032043654126198716,
        "n": 5
      }
    },
    "g0.5": {
      "action_norm_mean": {
        "mean": 0.027425765804946423,
        "std": 0.017847714197510755,
        "n": 5
      },
      "grad_norm": {
        "mean": 0.018917995039373636,
        "std": 0.014481254773382994,
        "n": 5
      }
    },
    "g1.0": {
      "action_norm_mean": {
        "mean": 0.05742768526542932,
        "std": 0.039590784226349714,
        "n": 5
      },
      "grad_norm": {
        "mean": 0.016822461551055313,
        "std": 0.014203580212021583,
        "n": 5
      }
    },
    "_correlation": {
      "rho_action_vs_g": 1.0,
      "p_action_vs_g": 0.0,
      "rho_grad_vs_g": -0.7999999999999999,
      "p_grad_vs_g": 0.2000000000000001
    }
  }
}