{
  "d2": {
    "risk_first_mean": {
      "mean": 1.200775957107544,
      "std": 0.009197239192230365,
      "n": 5
    },
    "risk_first_std": {
      "mean": 0.06088506057858467,
      "std": 0.0011809450266553646,
      "n": 5
    },
    "risk_second_mean": {
      "mean": 1.202004361152649,
      "std": 0.00944755180293366,
      "n": 5
    },
    "risk_second_std": {
      "mean": 0.05614374801516533,
      "std": 0.0006832221071216825,
      "n": 5
    },
    "risk_ratio_2nd_1st": {
      "mean": 1.00102242231369,
      "std": 0.0013982689265756116,
      "n": 5
    },
    "risk_slope": {
      "mean": 6.949679687905513e-07,
      "std": 9.027591894471604e-07,
      "n": 5
    },
    "risk_slope_r2": {
      "mean": 0.0007987054158994144,
      "std": 0.0006646608184692736,
      "n": 5
    },
    "action_first_mean": {
      "mean": 0.10136524997651578,
      "std": 0.05499763287932499,
      "n": 5
    },
    "action_second_mean": {
      "mean": 0.10125834299251438,
      "std": 0.05502235259775236,
      "n": 5
    },
    "action_slope": {
      "mean": 8.901632423470148e-09,
      "std": 1.7053503719378868e-07,
      "n": 5
    }
  },
  "d10": {
    "risk_first_mean": {
      "mean": 1.2103912591934205,
      "std": 0.008456280682308982,
      "n": 5
    },
    "risk_first_std": {
      "mean": 0.061560819298028945,
      "std": 0.002253309522946348,
      "n": 5
    },
    "risk_second_mean": {
      "mean": 1.2125092267990112,
      "std": 0.00932762666360308,
      "n": 5
    },
    "risk_second_std": {
      "mean": 0.05525874271988869,
      "std": 0.0007087155539029221,
      "n": 5
    },
    "risk_ratio_2nd_1st": {
      "mean": 1.0017455339431762,
      "std": 0.001355992350879707,
      "n": 5
    },
    "risk_slope": {
      "mean": 1.2880027915356156e-06,
      "std": 9.955615981570603e-07,
      "n": 5
    },
    "risk_slope_r2": {
      "mean": 0.0016206133117544707,
      "std": 0.0014424979543153648,
      "n": 5
    },
    "action_first_mean": {
      "mean": 0.050443770829588175,
      "std": 0.04819124577430923,
      "n": 5
    },
    "action_second_mean": {
      "mean": 0.050439470633864406,
      "std": 0.04822551084035532,
      "n": 5
    },
    "action_slope": {
      "mean": -3.78165169039764e-09,
      "std": 4.87718180439465e-08,
      "n": 5
    }
  },
  "d50": {
    "risk_first_mean": {
      "mean": 1.2180928230285644,
      "std": 0.0020495769038849287,
      "n": 5
    },
    "risk_first_std": {
      "mean": 0.06000682041049003,
      "std": 0.0011280019423042596,
      "n": 5
    },
    "risk_second_mean": {
      "mean": 1.218326449394226,
      "std": 0.002966291762250458,
      "n": 5
    },
    "risk_second_std": {
      "mean": 0.05490958914160728,
      "std": 0.0010181590649088563,
      "n": 5
    },
    "risk_ratio_2nd_1st": {
      "mean": 1.0001935601234435,
      "std": 0.0025748282189687896,
      "n": 5
    },
    "risk_slope": {
      "mean": 5.817853678412411e-07,
      "std": 9.15334385263259e-07,
      "n": 5
    },
    "risk_slope_r2": {
      "mean": 0.0007198150776220214,
      "std": 0.000825250446145942,
      "n": 5
    },
    "action_first_mean": {
      "mean": 0.027576844766736032,
      "std": 0.017971488119963127,
      "n": 5
    },
    "action_second_mean": {
      "mean": 0.027173350006341933,
      "std": 0.017582775121644977,
      "n": 5
    },
    "action_slope": {
      "mean": -6.262449905340363e-09,
      "std": 3.6321416491244776e-08,
      "n": 5
    }
  }
}