{
  "d2": {
    "risk_cl_mean": {
      "mean": 1.2004514932632446,
      "std": 0.009857792821451303,
      "n": 5
    },
    "risk_op_mean": {
      "mean": 1.2163485527038573,
      "std": 0.0021601842691770724,
      "n": 5
    },
    "var_cl": {
      "mean": 0.004208968859165907,
      "std": 0.00017207584804619712,
      "n": 5
    },
    "var_op": {
      "mean": 0.004213173594325781,
      "std": 0.00016341194049433608,
      "n": 5
    },
    "pred_mse_cl": {
      "mean": 0.07132552480325102,
      "std": 0.05296564538065815,
      "n": 5
    },
    "pred_mse_op": {
      "mean": 1.4833979434652451,
      "std": 0.005335175042197666,
      "n": 5
    }
  },
  "d10": {
    "risk_cl_mean": {
      "mean": 1.209666919708252,
      "std": 0.00889072772160553,
      "n": 5
    },
    "risk_op_mean": {
      "mean": 1.2159740924835205,
      "std": 0.0014156333971651145,
      "n": 5
    },
    "var_cl": {
      "mean": 0.004308803053572774,
      "std": 0.00036910138189522057,
      "n": 5
    },
    "var_op": {
      "mean": 0.004329281533136964,
      "std": 0.00041120453678266094,
      "n": 5
    },
    "pred_mse_cl": {
      "mean": 0.016022491687908768,
      "std": 0.015004097483569494,
      "n": 5
    },
    "pred_mse_op": {
      "mean": 1.4825984030466692,
      "std": 0.003249272842693313,
      "n": 5
    }
  },
  "d50": {
    "risk_cl_mean": {
      "mean": 1.2170695781707763,
      "std": 0.002697607594245115,
      "n": 5
    },
    "risk_op_mean": {
      "mean": 1.2167419910430908,
      "std": 0.001705407467352283,
      "n": 5
    },
    "var_cl": {
      "mean": 0.004071064060553908,
      "std": 0.00015891801372569744,
      "n": 5
    },
    "var_op": {
      "mean": 0.004076929623261094,
      "std": 0.0001727197622697588,
      "n": 5
    },
    "pred_mse_cl": {
      "mean": 0.0048500265460461375,
      "std": 0.0011596619633150145,
      "n": 5
    },
    "pred_mse_op": {
      "mean": 1.4842161796398545,
      "std": 0.0040613335968977355,
      "n": 5
    }
  }
}