{
  "d2": {
    "g-0.5_to_g1.0": {
      "recovery_steps": {
        "mean": 800.0,
        "std": 400.0,
        "n": 5
      },
      "peak_risk": {
        "mean": 1.572407341003418,
        "std": 0.0037084846709782597,
        "n": 5
      },
      "peak_risk_open": {
        "mean": 1.5779222965240478,
        "std": 0.006772005295442775,
        "n": 5
      },
      "post_risk_mean": {
        "mean": 1.3984151363372803,
        "std": 0.019054012045359753,
        "n": 5
      }
    },
    "g1.0_to_g-0.5": {
      "recovery_steps": {
        "mean": 0.0,
        "std": 0.0,
        "n": 5
      },
      "peak_risk": {
        "mean": 0.9613738417625427,
        "std": 0.03639781005486511,
        "n": 5
      },
      "peak_risk_open": {
        "mean": 0.9704273223876954,
        "std": 0.03191100152616618,
        "n": 5
      },
      "post_risk_mean": {
        "mean": 0.682661259174347,
        "std": 0.034772961059278684,
        "n": 5
      }
    },
    "g0.5_to_g-0.5": {
      "recovery_steps": {
        "mean": 0.0,
        "std": 0.0,
        "n": 5
      },
      "peak_risk": {
        "mean": 0.9572774291038513,
        "std": 0.0348728244697618,
        "n": 5
      },
      "peak_risk_open": {
        "mean": 0.9671028971672058,
        "std": 0.033415466177994034,
        "n": 5
      },
      "post_risk_mean": {
        "mean": 0.6502721786499024,
        "std": 0.019499762594633412,
        "n": 5
      }
    }
  },
  "d10": {
    "g-0.5_to_g1.0": {
      "recovery_steps": {
        "mean": 1000.0,
        "std": 0.0,
        "n": 5
      },
      "peak_risk": {
        "mean": 1.5984447956085206,
        "std": 0.0509335800046531,
        "n": 5
      },
      "peak_risk_open": {
        "mean": 1.5746429681777954,
        "std": 0.008518571144275684,
        "n": 5
      },
      "post_risk_mean": {
        "mean": 1.461922025680542,
        "std": 0.04851779675568333,
        "n": 5
      }
    },
    "g1.0_to_g-0.5": {
      "recovery_steps": {
        "mean": 0.0,
        "std": 0.0,
        "n": 5
      },
      "peak_risk": {
        "mean": 1.0160300016403199,
        "std": 0.025030534701759824,
        "n": 5
      },
      "peak_risk_open": {
        "mean": 1.020924460887909,
        "std": 0.025000805252446606,
        "n": 5
      },
      "post_risk_mean": {
        "mean": 0.6564241886138916,
        "std": 0.014281000654240124,
        "n": 5
      }
    },
    "g0.5_to_g-0.5": {
      "recovery_steps": {
        "mean": 0.0,
        "std": 0.0,
        "n": 5
      },
      "peak_risk": {
        "mean": 1.0054652571678162,
        "std": 0.025143059226994894,
        "n": 5
      },
      "peak_risk_open": {
        "mean": 1.011747169494629,
        "std": 0.02377192088446429,
        "n": 5
      },
      "post_risk_mean": {
        "mean": 0.6685241103172302,
        "std": 0.004824742251710847,
        "n": 5
      }
    }
  },
  "d50": {
    "g-0.5_to_g1.0": {
      "recovery_steps": {
        "mean": 1000.0,
        "std": 0.0,
        "n": 5
      },
      "peak_risk": {
        "mean": 1.592577338218689,
        "std": 0.020474026085570668,
        "n": 5
      },
      "peak_risk_open": {
        "mean": 1.5918598175048828,
        "std": 0.02235368467024912,
        "n": 5
      },
      "post_risk_mean": {
        "mean": 1.3890611410140992,
        "std": 0.08255057695135933,
        "n": 5
      }
    },
    "g1.0_to_g-0.5": {
      "recovery_steps": {
        "mean": 0.0,
        "std": 0.0,
        "n": 5
      },
      "peak_risk": {
        "mean": 0.9973489046096802,
        "std": 0.033259873876209635,
        "n": 5
      },
      "peak_risk_open": {
        "mean": 0.99896639585495,
        "std": 0.03136146950284526,
        "n": 5
      },
      "post_risk_mean": {
        "mean": 0.6767105221748352,
        "std": 0.016300330891466087,
        "n": 5
      }
    },
    "g0.5_to_g-0.5": {
      "recovery_steps": {
        "mean": 0.0,
        "std": 0.0,
        "n": 5
      },
      "peak_risk": {
        "mean": 1.0005709767341613,
        "std": 0.03185850840904515,
        "n": 5
      },
      "peak_risk_open": {
        "mean": 1.0001862525939942,
        "std": 0.03216354742566896,
        "n": 5
      },
      "post_risk_mean": {
        "mean": 0.6777456521987915,
        "std": 0.010886045963154725,
        "n": 5
      }
    }
  }
}