{
  "d2": {
    "r_cl": {
      "mean": 0.3916865080119347,
      "std": 0.05872404510589622,
      "n": 3
    },
    "gain": {
      "mean": 0.019937811885029078,
      "std": 0.0129097561991342,
      "n": 3
    },
    "grad_norm": {
      "mean": 0.20924665530522665,
      "std": 0.009774765293322643,
      "n": 3
    },
    "action_norm": {
      "mean": 0.11102459362397592,
      "std": 0.07116349999726408,
      "n": 3
    },
    "jac_frob": {
      "mean": 0.14142153726368537,
      "std": 1.4298340489381936e-07,
      "n": 3
    },
    "w2": {
      "mean": 0.019813871848322416,
      "std": 0.012853879530436464,
      "n": 3
    },
    "pr": {
      "mean": 3.2207677883990717e-07,
      "std": 3.849072136000492e-07,
      "n": 3
    },
    "eff_rank": {
      "mean": 1.515332283740837,
      "std": 0.15011486598280124,
      "n": 3
    },
    "pass_rate": {
      "mean": 1.0,
      "std": 0.0,
      "n": 3
    },
    "n_aborted": 0
  },
  "d10": {
    "r_cl": {
      "mean": 0.12391520220312047,
      "std": 0.028353638030807916,
      "n": 3
    },
    "gain": {
      "mean": 0.009587339280794064,
      "std": 0.010923491618945234,
      "n": 3
    },
    "grad_norm": {
      "mean": 0.061195330073436104,
      "std": 0.030023566350874123,
      "n": 3
    },
    "action_norm": {
      "mean": 0.054328941429654755,
      "std": 0.060300754262584154,
      "n": 3
    },
    "jac_frob": {
      "mean": 0.14142143676844413,
      "std": 4.461684969197509e-08,
      "n": 3
    },
    "w2": {
      "mean": 0.009224000418120385,
      "std": 0.011110341775329154,
      "n": 3
    },
    "pr": {
      "mean": 7.521980769056035e-07,
      "std": 1.0266466390430385e-06,
      "n": 3
    },
    "eff_rank": {
      "mean": 1.7821913910496667,
      "std": 0.1284512448829981,
      "n": 3
    },
    "pass_rate": {
      "mean": 0.6666666666666666,
      "std": 0.4714045207910317,
      "n": 3
    },
    "n_aborted": 0
  }
}