{
  "per_seed": {
    "0": {
      "r_cl": {
        "r_max": 0.08382735582735583,
        "r_mean": 0.0461017421017421
      },
      "r_ps": {
        "r_max": 0.11449327283675267,
        "r_mean": 0.06515870190706806
      },
      "dist": {
        "w2_cl_op": 0.0014682212047480762,
        "w2_ps_op": 0.0,
        "pr": 0.0
      },
      "gain": 0.0021620956249535084,
      "grad_norm": 0.10259220749139786,
      "action_norm": 0.013913272880017757,
      "pca": {
        "eff_rank": 1.9531436843700922,
        "k90": 2
      },
      "jac_frob": 0.14142147985084386,
      "verdict": {
        "pass": false,
        "criteria": {
          "w2": true,
          "pr": true,
          "r": false,
          "gn": true,
          "gain": true,
          "an": true
        }
      }
    },
    "1": {
      "r_cl": {
        "r_max": 0.1447443731786063,
        "r_mean": 0.04461761672878335
      },
      "r_ps": {
        "r_max": 0.11738586373802135,
        "r_mean": 0.0591121342894707
      },
      "dist": {
        "w2_cl_op": 0.02493597039220319,
        "w2_ps_op": 1.3170890159654386e-09,
        "pr": 5.281883942151524e-08
      },
      "gain": 0.02503168396651745,
      "grad_norm": 0.03232096880674362,
      "action_norm": 0.13956908881664276,
      "pca": {
        "eff_rank": 1.6435074580762334,
        "k90": 2
      },
      "jac_frob": 0.14142145515123508,
      "verdict": {
        "pass": true,
        "criteria": {
          "w2": true,
          "pr": true,
          "r": true,
          "gn": true,
          "gain": true,
          "an": true
        }
      }
    },
    "2": {
      "r_cl": {
        "r_max": 0.14317387760339925,
        "r_mean": 0.045177168291637
      },
      "r_ps": {
        "r_max": 0.05162971578460493,
        "r_mean": 0.030719475811634242
      },
      "dist": {
        "w2_cl_op": 0.0012678096574098906,
        "w2_ps_op": 2.7939677238464355e-09,
        "pr": 2.203775391295295e-06
      },
      "gain": 0.0015682382509112358,
      "grad_norm": 0.048672813922166824,
      "action_norm": 0.009504462592303753,
      "pca": {
        "eff_rank": 1.7499230307026747,
        "k90": 2
      },
      "jac_frob": 0.1414213753032535,
      "verdict": {
        "pass": true,
        "criteria": {
          "w2": true,
          "pr": true,
          "r": true,
          "gn": true,
          "gain": true,
          "an": true
        }
      }
    }
  },
  "agg": {
    "r_cl": {
      "mean": 0.12391520220312047,
      "std": 0.028353638030807916,
      "n": 3
    },
    "gain": {
      "mean": 0.009587339280794064,
      "std": 0.010923491618945234,
      "n": 3
    },
    "grad_norm": {
      "mean": 0.061195330073436104,
      "std": 0.030023566350874123,
      "n": 3
    },
    "action_norm": {
      "mean": 0.054328941429654755,
      "std": 0.060300754262584154,
      "n": 3
    },
    "jac_frob": {
      "mean": 0.14142143676844413,
      "std": 4.461684969197509e-08,
      "n": 3
    },
    "w2": {
      "mean": 0.009224000418120385,
      "std": 0.011110341775329154,
      "n": 3
    },
    "pr": {
      "mean": 7.521980769056035e-07,
      "std": 1.0266466390430385e-06,
      "n": 3
    },
    "eff_rank": {
      "mean": 1.7821913910496667,
      "std": 0.1284512448829981,
      "n": 3
    },
    "pass_rate": {
      "mean": 0.6666666666666666,
      "std": 0.4714045207910317,
      "n": 3
    },
    "n_aborted": 0
  }
}