{
  "per_seed": {
    "0": {
      "r_cl": {
        "r_max": 0.4681753201753202,
        "r_mean": 0.2843569943569944
      },
      "r_ps": {
        "r_max": 0.23250603520355329,
        "r_mean": 0.12062698598886694
      },
      "dist": {
        "w2_cl_op": 0.03129939144994465,
        "w2_ps_op": 3.226196034939731e-09,
        "pr": 1.0307535979091493e-07
      },
      "gain": 0.0315343402326107,
      "grad_norm": 0.20546281337738037,
      "action_norm": 0.17394964396953583,
      "pca": {
        "eff_rank": 1.32731023026374,
        "k90": 1
      },
      "jac_frob": 0.141421652920904,
      "verdict": {
        "pass": true,
        "criteria": {
          "w2": true,
          "pr": true,
          "r": true,
          "gn": true,
          "gain": true,
          "an": true
        }
      }
    },
    "1": {
      "r_cl": {
        "r_max": 0.38145756945756953,
        "r_mean": 0.3005889605889606
      },
      "r_ps": {
        "r_max": 0.23383393253543439,
        "r_mean": 0.13859021500598567
      },
      "dist": {
        "w2_cl_op": 0.026273384708168576,
        "w2_ps_op": 0.0,
        "pr": 0.0
      },
      "gain": 0.026351554319262505,
      "grad_norm": 0.1996241956949234,
      "action_norm": 0.14758187532424927,
      "pca": {
        "eff_rank": 1.523976513431333,
        "k90": 2
      },
      "jac_frob": 0.14142162308025327,
      "verdict": {
        "pass": true,
        "criteria": {
          "w2": true,
          "pr": true,
          "r": true,
          "gn": true,
          "gain": true,
          "an": true
        }
      }
    },
    "2": {
      "r_cl": {
        "r_max": 0.32542663440291436,
        "r_mean": 0.27381077525354436
      },
      "r_ps": {
        "r_max": 0.19694206753289376,
        "r_mean": 0.12205297441913336
      },
      "dist": {
        "w2_cl_op": 0.001868839386854028,
        "w2_ps_op": 1.6130980174698654e-09,
        "pr": 8.631549767288065e-07
      },
      "gain": 0.0019275411032140255,
      "grad_norm": 0.22265295684337616,
      "action_norm": 0.011542261578142643,
      "pca": {
        "eff_rank": 1.6947101075274378,
        "k90": 2
      },
      "jac_frob": 0.1414213357898988,
      "verdict": {
        "pass": true,
        "criteria": {
          "w2": true,
          "pr": true,
          "r": true,
          "gn": true,
          "gain": true,
          "an": true
        }
      }
    }
  },
  "agg": {
    "r_cl": {
      "mean": 0.3916865080119347,
      "std": 0.05872404510589622,
      "n": 3
    },
    "gain": {
      "mean": 0.019937811885029078,
      "std": 0.0129097561991342,
      "n": 3
    },
    "grad_norm": {
      "mean": 0.20924665530522665,
      "std": 0.009774765293322643,
      "n": 3
    },
    "action_norm": {
      "mean": 0.11102459362397592,
      "std": 0.07116349999726408,
      "n": 3
    },
    "jac_frob": {
      "mean": 0.14142153726368537,
      "std": 1.4298340489381936e-07,
      "n": 3
    },
    "w2": {
      "mean": 0.019813871848322416,
      "std": 0.012853879530436464,
      "n": 3
    },
    "pr": {
      "mean": 3.2207677883990717e-07,
      "std": 3.849072136000492e-07,
      "n": 3
    },
    "eff_rank": {
      "mean": 1.515332283740837,
      "std": 0.15011486598280124,
      "n": 3
    },
    "pass_rate": {
      "mean": 1.0,
      "std": 0.0,
      "n": 3
    },
    "n_aborted": 0
  }
}