{
  "delta_zero_mean": 0.755882775391186,
  "delta_zero_max": 1.1197331792072807,
  "delta_rand_mean": 0.3825519218701457,
  "delta_rand_max": 0.5044284383767492,
  "window_model": [
    0.2727272727272727,
    3.0
  ],
  "window_zero": [
    1.3636363636363635,
    1.3636363636363635
  ],
  "window_rand": [
    0.2727272727272727,
    3.0
  ],
  "judgment": "CLOSED-LOOP",
  "all_data": {
    "model": {
      "g": [
        0.0,
        0.2727272727272727,
        0.5454545454545454,
        0.8181818181818181,
        1.0909090909090908,
        1.3636363636363635,
        1.6363636363636362,
        1.909090909090909,
        2.1818181818181817,
        2.454545454545454,
        2.727272727272727,
        3.0
      ],
      "S_adv": [
        0.9990534163185997,
        1.5231891658424699,
        1.1679424491515962,
        0.6748386955097606,
        1.754782371540376,
        1.7573325784689053,
        1.7611141768088476,
        1.7643135349406553,
        1.7656083083796466,
        1.7662057566181664,
        1.7665222961822293,
        1.7667475419920193
      ],
      "entropy": [
        0.6813020491600037,
        0.6904154622554779,
        0.0,
        0.0,
        0.6902598665157954,
        0.6902402154604594,
        0.6902308223644892,
        0.6902284717559815,
        0.6902252540985743,
        0.6902207686503729,
        0.6902199427286784,
        0.6902194046974182
      ]
    },
    "zero": {
      "g": [
        0.0,
        0.2727272727272727,
        0.5454545454545454,
        0.8181818181818181,
        1.0909090909090908,
        1.3636363636363635,
        1.6363636363636362,
        1.909090909090909,
        2.1818181818181817,
        2.454545454545454,
        2.727272727272727,
        3.0
      ],
      "S_adv": [
        0.9983660890149157,
        0.7027763824853919,
        0.7657547214567282,
        0.745150021726405,
        0.8181741118868402,
        1.896162485672638,
        0.6497850413067282,
        0.6490571276655561,
        0.6482824933696845,
        0.647590781185134,
        0.6472258353450338,
        0.6470143627847387
      ],
      "entropy": [
        0.6816895788908005,
        0.6904778508345286,
        0.0,
        0.0,
        0.0,
        0.6902420681715011,
        0.6902309097846349,
        0.6902288534243901,
        0.6902262351910273,
        0.6902225311597189,
        0.6902197283506394,
        0.6902189807097117
      ]
    },
    "random_normal": {
      "g": [
        0.0,
        0.2727272727272727,
        0.5454545454545454,
        0.8181818181818181,
        1.0909090909090908,
        1.3636363636363635,
        1.6363636363636362,
        1.909090909090909,
        2.1818181818181817,
        2.454545454545454,
        2.727272727272727,
        3.0
      ],
      "S_adv": [
        0.9977451954096569,
        1.2130094411273775,
        1.1622514105891917,
        0.9693978940889071,
        1.2709810642729957,
        1.268770351199732,
        1.2728701998740064,
        1.2622157868609611,
        1.2617323423766826,
        1.2617773182414171,
        1.2624975962884153,
        1.2628970261404728
      ],
      "entropy": [
        0.6821717741092046,
        0.6904257297515869,
        0.0,
        0.691769915620486,
        0.6902507909138997,
        0.6902366695801417,
        0.6902312135696411,
        0.6902256019910177,
        0.6902235841751099,
        0.6902215443054835,
        0.6902202516794205,
        0.690219598809878
      ]
    }
  }
}