{
  "S_model_mean": 1.5919234553025068,
  "S_frozen_mean": 1.4945024935758164,
  "S_random_mean": 2.5266932613717663,
  "S_zero_mean": 1.8891759764381824,
  "delta_model_frozen": 0.09742096172669035,
  "delta_model_random": 0.9347698060692595,
  "judgment": "MISALIGNED CONTROL \u2014 learned actions underperform random exploration",
  "note": "random gaussian actions (S=2.53) outperform learned Bernoulli actions (S=1.59). Random exploration beats learned convergence for prediction accuracy.",
  "data": {
    "model": {
      "g": [
        0.0,
        0.3333333333333333,
        0.6666666666666666,
        1.0,
        1.3333333333333333,
        1.6666666666666665,
        2.0,
        2.333333333333333,
        2.6666666666666665,
        3.0
      ],
      "S_adv": [
        1.0028820818437054,
        1.8362751942531805,
        0.9646038593385541,
        1.2591489047175983,
        1.8004058766740234,
        1.8022692291186304,
        1.8122342056164482,
        1.807583252108233,
        1.8092407106840958,
        1.8245912386705987
      ]
    },
    "zero": {
      "g": [
        0.0,
        0.3333333333333333,
        0.6666666666666666,
        1.0,
        1.3333333333333333,
        1.6666666666666665,
        2.0,
        2.333333333333333,
        2.6666666666666665,
        3.0
      ],
      "S_adv": [
        0.9967444408042451,
        3.078803812204429,
        2.504361197054801,
        1.4521025205932332,
        3.932839276480077,
        1.3732049085319886,
        1.3783454391678571,
        1.3868193711086316,
        1.3933824380974043,
        1.3951563603391595
      ]
    },
    "random_normal": {
      "g": [
        0.0,
        0.3333333333333333,
        0.6666666666666666,
        1.0,
        1.3333333333333333,
        1.6666666666666665,
        2.0,
        2.333333333333333,
        2.6666666666666665,
        3.0
      ],
      "S_adv": [
        0.9958579362891187,
        2.313633374708113,
        2.5119926879424277,
        2.654035435344264,
        2.751747355406845,
        2.7984555334394368,
        2.7972164554613843,
        2.8079650285619033,
        2.8154555143911226,
        2.8205732921730498
      ]
    },
    "frozen_policy": {
      "g": [
        0.0,
        0.3333333333333333,
        0.6666666666666666,
        1.0,
        1.3333333333333333,
        1.6666666666666665,
        2.0,
        2.333333333333333,
        2.6666666666666665,
        3.0
      ],
      "S_adv": [
        1.0006235149890206,
        1.3601683839899263,
        0.4469963748776995,
        2.219192064404811,
        1.736688093092632,
        1.6562613549093448,
        1.6585842941895457,
        1.6314317746738536,
        1.6200148645549322,
        1.615064216076399
      ]
    }
  }
}