{
  "continuous_drift_type": "sinusoidal",
  "total_steps": 6000,
  "num_clusters": 2,
  "silhouette": 0.6144546024879833,
  "intra_angle": 24.84297520661157,
  "inter_angle": 64.5,
  "inter_intra_ratio": 2.596307384184454,
  "structure_preserved": true,
  "mutual_info": 0.4916404091326129,
  "cluster_drift_stats": {
    "0": {
      "mean_drift": 1.5940528640655671,
      "std_drift": 0.38390987503381147,
      "count": 11
    },
    "1": {
      "mean_drift": 0.4557133402303865,
      "std_drift": 0.4951323848567621,
      "count": 12
    }
  },
  "labels": [
    1,
    0,
    0,
    1,
    1,
    1,
    1,
    0,
    0,
    0,
    0,
    0,
    1,
    1,
    1,
    0,
    0,
    0,
    0,
    1,
    1,
    1,
    1
  ],
  "window_starts": [
    0,
    250,
    500,
    750,
    1000,
    1250,
    1500,
    1750,
    2000,
    2250,
    2500,
    2750,
    3000,
    3250,
    3500,
    3750,
    4000,
    4250,
    4500,
    4750,
    5000,
    5250,
    5500
  ],
  "window": 500,
  "stride": 250
}