{
  "within_agent_A_R2": {
    "0": 0.6758741842576403,
    "1": 1.0,
    "2": 0.060877740901634225
  },
  "cross_agent_probe": {
    "0": {
      "R2_train_on_A": 0.6758741842576403,
      "R2_cross_on_B": -8231.738768097353,
      "pearson_r": -0.3687886385795765,
      "spearman_r": -0.27247536693523255,
      "n_train": 6500,
      "n_test": 6500
    },
    "1": {
      "R2_train_on_A": 1.0,
      "R2_cross_on_B": -48.035820336502006,
      "pearson_r": 0.0,
      "spearman_r": 0.0,
      "n_train": 6500,
      "n_test": 6500
    },
    "2": {
      "R2_train_on_A": 0.060877740901634225,
      "R2_cross_on_B": -5.4775646707864345,
      "pearson_r": -0.8716273194881122,
      "spearman_r": -0.7675083116743134,
      "n_train": 2500,
      "n_test": 2500
    }
  },
  "baseline_shuffle": {
    "0": {
      "mean_R2": -5713.967181572753,
      "std_R2": 7650.050016793622,
      "mean_pearson": -0.7758417057283532,
      "std_pearson": 0.24941040705030212,
      "z_R2": -0.3291183170037085,
      "p_R2": 0.62
    },
    "1": {
      "mean_R2": -7319.25918519437,
      "std_R2": 9288.80108198049,
      "mean_pearson": -0.7362241388470703,
      "std_pearson": 0.3357945465531579,
      "z_R2": 0.7827946040265212,
      "p_R2": 0.46
    },
    "2": {
      "mean_R2": -2880.9527112960664,
      "std_R2": 12790.35830625395,
      "mean_pearson": -0.559650151178549,
      "std_pearson": 0.5882686142435439,
      "z_R2": 0.22481584000794136,
      "p_R2": 0.05
    }
  },
  "baseline_random_subspace": {
    "0": {
      "mean_R2": -3650.447771156506,
      "std_R2": 14637.30435909106,
      "mean_pearson": -0.07376634614471621,
      "std_pearson": 0.23104838945435127,
      "z_R2": -0.3129873427884507,
      "p_R2": 0.92
    },
    "1": {
      "mean_R2": -48.03582033650201,
      "std_R2": 7.105427357601002e-15,
      "mean_pearson": 0.0,
      "std_pearson": 0.0,
      "z_R2": 7.105422308894796e-07,
      "p_R2": 1.0
    },
    "2": {
      "mean_R2": -9.837281421846436,
      "std_R2": 17.20370782893766,
      "mean_pearson": -0.2358303246485065,
      "std_pearson": 0.4992267081938497,
      "z_R2": 0.253417274454785,
      "p_R2": 0.79
    }
  },
  "functional_consistency": false,
  "n_shuffle": 100,
  "n_random_subspaces_per_cluster": 100
}