{
  "cross_correlation": {
    "lag0_corr": 0.9452659943586715,
    "peak_corr": 0.9452659943586715,
    "peak_lag": 0,
    "lags": [
      -100,
      -99,
      -98,
      -97,
      -96,
      -95,
      -94,
      -93,
      -92,
      -91,
      -90,
      -89,
      -88,
      -87,
      -86,
      -85,
      -84,
      -83,
      -82,
      -81,
      -80,
      -79,
      -78,
      -77,
      -76,
      -75,
      -74,
      -73,
      -72,
      -71,
      -70,
      -69,
      -68,
      -67,
      -66,
      -65,
      -64,
      -63,
      -62,
      -61,
      -60,
      -59,
      -58,
      -57,
      -56,
      -55,
      -54,
      -53,
      -52,
      -51,
      -50,
      -49,
      -48,
      -47,
      -46,
      -45,
      -44,
      -43,
      -42,
      -41,
      -40,
      -39,
      -38,
      -37,
      -36,
      -35,
      -34,
      -33,
      -32,
      -31,
      -30,
      -29,
      -28,
      -27,
      -26,
      -25,
      -24,
      -23,
      -22,
      -21,
      -20,
      -19,
      -18,
      -17,
      -16,
      -15,
      -14,
      -13,
      -12,
      -11,
      -10,
      -9,
      -8,
      -7,
      -6,
      -5,
      -4,
      -3,
      -2,
      -1,
      0,
      1,
      2,
      3,
      4,
      5,
      6,
      7,
      8,
      9,
      10,
      11,
      12,
      13,
      14,
      15,
      16,
      17,
      18,
      19,
      20,
      21,
      22,
      23,
      24,
      25,
      26,
      27,
      28,
      29,
      30,
      31,
      32,
      33,
      34,
      35,
      36,
      37,
      38,
      39,
      40,
      41,
      42,
      43,
      44,
      45,
      46,
      47,
      48,
      49,
      50,
      51,
      52,
      53,
      54,
      55,
      56,
      57,
      58,
      59,
      60,
      61,
      62,
      63,
      64,
      65,
      66,
      67,
      68,
      69,
      70,
      71,
      72,
      73,
      74,
      75,
      76,
      77,
      78,
      79,
      80,
      81,
      82,
      83,
      84,
      85,
      86,
      87,
      88,
      89,
      90,
      91,
      92,
      93,
      94,
      95,
      96,
      97,
      98,
      99,
      100
    ],
    "corr_curve": [
      0.7456407191840709,
      0.7471865732819417,
      0.7478969761779779,
      0.7505574737106133,
      0.7506479778647358,
      0.7509197531028201,
      0.7530525616177296,
      0.7561109177640374,
      0.7576284798278825,
      0.76013660377629,
      0.7618630831888576,
      0.7623052258301953,
      0.764530976874792,
      0.7650656046540133,
      0.76595076424136,
      0.7676751261859172,
      0.768468979251365,
      0.770722282074434,
      0.7732568371735847,
      0.776743689017101,
      0.7773989402884346,
      0.7793787676191761,
      0.7789072721705458,
      0.7785372108097067,
      0.7809940653066536,
      0.7828233315004621,
      0.783810622337487,
      0.785053884123309,
      0.7868254253773201,
      0.7899172199147076,
      0.7916952356581484,
      0.7933072312816909,
      0.7933994760609338,
      0.7948909889382999,
      0.7975184630961554,
      0.7992909586238771,
      0.8001867937756855,
      0.8020111696727318,
      0.8016543159673035,
      0.8016606636023098,
      0.8025937633137878,
      0.8036748443211625,
      0.8057643679270527,
      0.8068452094217872,
      0.8098068457734141,
      0.8102324769157505,
      0.8122382107857897,
      0.8141658098258593,
      0.8148039103121913,
      0.8155500395454789,
      0.8187974643036733,
      0.8196613783817855,
      0.8206843531296347,
      0.8215907324462198,
      0.8216579103869411,
      0.8243426428019176,
      0.8243924045635446,
      0.8260570824006717,
      0.825384893261335,
      0.8286277849553495,
      0.831011456250802,
      0.8304915592883765,
      0.8321728021136268,
      0.8324916425773523,
      0.8346378556009993,
      0.8340357074881186,
      0.8360006300622419,
      0.8375115733072418,
      0.8374412568700451,
      0.8417963028269317,
      0.8426203025243162,
      0.8465985383273326,
      0.8478012521968782,
      0.8482641339193951,
      0.8512638956507717,
      0.8519407617401701,
      0.8557270763178823,
      0.857646398508776,
      0.85928017453978,
      0.8594329304740402,
      0.8607683208147322,
      0.8618576606944975,
      0.8633196263801135,
      0.8640916224553351,
      0.8664608139990461,
      0.8670944305294505,
      0.8686670474827702,
      0.8714795657284737,
      0.8732176619863895,
      0.8743004965582422,
      0.8763181067597486,
      0.8751576390971101,
      0.8769775555733869,
      0.8789688198712614,
      0.8801684973729242,
      0.8833563682493927,
      0.8852589386882145,
      0.8885571507569892,
      0.8911002533963189,
      0.8959050719126411,
      0.9452659943586715,
      0.8951676297518616,
      0.8891686942508039,
      0.8854424220773545,
      0.8823868622247985,
      0.8800806011117329,
      0.8773202656235313,
      0.8759237770496853,
      0.8752470703091569,
      0.873513944010754,
      0.8745191125159553,
      0.872802534342334,
      0.871930755935318,
      0.8711925229984206,
      0.868903127026346,
      0.8683557750981282,
      0.8680364733052152,
      0.8652196981319229,
      0.8642036503554763,
      0.8629250796088421,
      0.860767839220197,
      0.8593261478071551,
      0.8594034575450803,
      0.8589352944356872,
      0.8589283406769712,
      0.8558940326125254,
      0.8561025276232401,
      0.8536264889359922,
      0.8532520107167505,
      0.8523226666809098,
      0.8488710511298018,
      0.8483009799602123,
      0.8446406709493539,
      0.8446345180332389,
      0.8435001208730517,
      0.8419785987093833,
      0.842352433201382,
      0.8409940116078293,
      0.8402781523210197,
      0.839295380781706,
      0.8396899508186614,
      0.8380292307593187,
      0.8347084962776177,
      0.8345550209730271,
      0.832999252590229,
      0.8328028639177206,
      0.8295310204954524,
      0.8289226179310615,
      0.8282053304897581,
      0.8276488872534485,
      0.8276088746565375,
      0.8237122645218978,
      0.8224976350615888,
      0.8218812404223641,
      0.8191447798418765,
      0.8173147911896474,
      0.8162171055133811,
      0.8133830433912526,
      0.8123384494427203,
      0.8098044799855646,
      0.8082554908148966,
      0.8061800246719455,
      0.8070337372615219,
      0.8087237386307453,
      0.8075291203012146,
      0.8063279419434464,
      0.8047812509685368,
      0.8024823697427237,
      0.8003746895132176,
      0.8010651973937556,
      0.7989888596015741,
      0.7973570293173867,
      0.79327491315088,
      0.7911720097124152,
      0.7906676788198477,
      0.7898451090228653,
      0.7885730255273594,
      0.7863858629418681,
      0.7871957200285364,
      0.7872653174213791,
      0.7851945238230106,
      0.7836968945392566,
      0.7813319104460057,
      0.7783348754716627,
      0.776702238574689,
      0.7774223880401048,
      0.7763536216788706,
      0.7753091939236955,
      0.7742167911248934,
      0.7723506899742802,
      0.773796314343999,
      0.7731315857995495,
      0.7710877526355822,
      0.7684218479307029,
      0.7663545017710361,
      0.7637588958982581,
      0.7626335503715607,
      0.7613809580153656,
      0.7568502139122157,
      0.7546890963868839,
      0.7552729839921865
    ]
  },
  "frequency": {
    "power_spectrum_corr": 0.9998736493985745
  },
  "phase": {
    "mean_abs_diff": 1.4397545476805766,
    "circular_diff": 0.9119124403348232
  },
  "noise_degradation": [
    {
      "sigma": 0.0,
      "lag0_corr": 0.9452659943586715,
      "peak_corr": 0.9452659943586715,
      "phase_diff": 0.9119124403348232
    },
    {
      "sigma": 0.02,
      "lag0_corr": 0.31330793318092953,
      "peak_corr": 0.31330793318092953,
      "phase_diff": 1.4628472548879194
    },
    {
      "sigma": 0.05,