{
  "shared": {
    "low": {
      "obs": 0.34256193041801447,
      "z": 1.937928336051962
    },
    "high": {
      "obs": 0.3547589480876923,
      "z": 2.092877976635989
    }
  },
  "full": {
    "low_on_low": {
      "obs": 0.6484633665936679,
      "z": 2.47356354358427
    },
    "low_on_high": {
      "obs": 0.6566723054653409,
      "z": 2.547294953686018
    },
    "high_on_high": {
      "obs": 0.6146525272220003,
      "z": 2.059041792593664
    },
    "high_on_low": {
      "obs": 0.6296962808877491,
      "z": 2.205943442372593
    }
  },
  "specific": {
    "low_on_low": {
      "obs": 0.5505960966464228,
      "z": 1.98360560409271
    },
    "low_on_high": {
      "obs": 0.5525980505909156,
      "z": 1.8900059804522356
    },
    "high_on_high": {
      "obs": 0.5019400541619544,
      "z": 1.4574386953307334
    },
    "high_on_low": {
      "obs": 0.5283642020350608,
      "z": 1.7948853158764195
    }
  },
  "dims": {
    "low": [
      28,
      13,
      18,
      1,
      10
    ],
    "high": [
      15,
      8,
      27,
      18,
      5
    ],
    "shared": [
      18
    ],
    "low_specific": [
      1,
      10,
      28,
      13
    ],
    "high_specific": [
      8,
      27,
      5,
      15
    ]
  }
}