{
  "angles": {
    "low": [
      90.0,
      90.0,
      90.0,
      90.0,
      0.0
    ],
    "high": [
      90.0,
      90.0,
      90.0,
      90.0,
      0.0
    ],
    "shared": [
      90.0
    ],
    "summary": {
      "low_min": 0.0,
      "high_min": 0.0
    }
  },
  "cross_alignment": {
    "low": 6.123233995736766e-17,
    "high": 0.3259026565998634
  },
  "dims": {
    "A": {
      "low": [
        15,
        18,
        28,
        5,
        27
      ],
      "high": [
        13,
        11,
        1,
        10,
        8
      ],
      "shared": []
    },
    "B": {
      "low": [
        5,
        22,
        12,
        0,
        1
      ],
      "high": [
        24,
        22,
        12,
        0,
        1
      ],
      "shared": [
        0,
        1,
        12,
        22
      ]
    }
  }
}