{
  "low": {
    "in_subspace": 0.9183134715472359,
    "orthogonal": 0.8847928745157045,
    "z_orth": -2172.95773268431,
    "gap": 0.03352059703153132
  },
  "high": {
    "in_subspace": 0.7405694455728584,
    "orthogonal": 0.9551347790637877,
    "z_orth": -212.1176703548312,
    "gap": -0.21456533349092932
  },
  "shared": {
    "low_in": 0.5873350766987747,
    "low_orth": 0.9633371039685296,
    "low_z_orth": -143.35650681754115,
    "high_in": 0.7476420138916042,
    "high_orth": 0.9564867594269326,
    "high_z_orth": 11.605983267790382
  },
  "dims": {
    "low": [
      1,
      10,
      28,
      13
    ],
    "high": [
      8,
      27,
      5,
      15
    ],
    "shared": [
      18
    ]
  },
  "orth_dims": {
    "low_orth": 28,
    "high_orth": 28,
    "shared_orth": 31
  }
}