{
  "action_R2": {
    "A": 0.24944303920911737,
    "B": 7.264623281899585e-05
  },
  "action_z": {
    "A": 1.1357030265264731,
    "B": -1.2549407816775549
  },
  "mode_acc": {
    "A": 0.6554166666666666,
    "B": 0.5
  },
  "controllability_R2": {
    "A": 0.4826949976114966,
    "B": 3.159136630714876e-05,
    "cross": 3.159136630714876e-05
  },
  "cross_mode_acc": 0.5,
  "time_structure": {
    "smoothness": 0.05779150880268129,
    "n_switch_points": 1199,
    "n_drift_jumps": 11,
    "switch_drift_hits": 3,
    "switch_points": [
      7593,
      7999,
      10000,
      10247,
      10308,
      10309,
      10393,
      10414,
      10415,
      10525,
      10614,
      10623,
      10624,
      10625,
      10644,
      10675,
      10679,
      10680,
      10698,
      10699,
      10700,
      10714,
      10716,
      10740,
      10758,
      10768,
      10769,
      10770,
      10771,
      10781,
      10782,
      10797,
      10798,
      10806,
      10807,
      10808,
      10809,
      10810,
      10811,
      10818,
      10819,
      10840,
      10841,
      10845,
      10854,
      10855,
      10860,
      10866,
      10867,
      10868,
      10869,
      10875,
      10886,
      10887,
      10912,
      10914,
      10915,
      10916,
      10918,
      10919,
      10920,
      10921,
      10922,
      10923,
      10924,
      10925,
      10926,
      10929,
      10930,
      10931,
      10935,
      10936,
      10937,
      10944,
      10945,
      10952,
      10953,
      10954,
      10960,
      10964,
      10965,
      10976,
      10977,
      10980,
      10981,
      10982,
      10990,
      10991,
      11017,
      11018,
      11019,
      11020,
      11021,
      11022,
      11031,
      11032,
      11033,
      11052,
      11076,
      11077,
      11080,
      11086,
      11087,
      11098,
      11099,
      11111,
      11112,
      11126,
      11127,
      11128,
      11130,
      11131,
      11136,
      11142,
      11143,
      11144,
      11150,
      11154,
      11162,
      11175,
      11176,
      11180,
      11181,
      11184,
      11187,
      11193,
      11198,
      11206,
      11212,
      11213,
      11214,
      11215,
      11216,
      11217,
      11224,
      11227,
      11228,
      11229,
      11236,
      11237,
      11246,
      11258,
      11263,
      11264,
      11269,
      11278,
      11284,
      11303,
      11304,
      11305,
      11316,
      11317,
      11318,
      11320,
      11324,
      11325,
      11329,
      11330,
      11342,
      11343,
      11348,
      11354,
      11355,
      11356,
      11357,
      11362,
      11363,
      11364,
      11378,
      11380,
      11381,
      11382,
      11383,
      11384,
      11385,
      11387,
      11391,
      11392,
      11394,
      11395,
      11396,
      11397,
      11400,
      11401,
      11402,
      11407,
      11408,
      11412,
      11416,
      11417,
      11431,
      11432,
      11433,
      11434,
      11435,
      11442,
      11443,
      11444,
      11445,
      11446,
      11449,
      11455,
      11457,
      11458,
      11459,
      11496,
      11499,
      11500,
      11501,
      11503,
      11504,
      11513,
      11514,
      11515,
      11522,
      11523,
      11524,
      11525,
      11526,
      11527,
      11533,
      11541,
      11542,
      11544,
      11545,
      11548,
      11549,
      11550,
      11551,
      11558,
      11559,
      11568,
      11569,
      11572,
      11573,
      11574,
      11575,
      11576,
      11577,
      11592,
      11602,
      11603,
      11605,
      11606,
      11607,
      11608,
      11610,
      11620,
      11624,
      11626,
      11627,
      11631,
      11632,
      11638,
      11639,
      11641,
      11642,
      11652,
      11653,
      11654,
      11655,
      11661,
      11662,
      11663,
      11664,
      11665,
      11667,
      11670,
      11671,
      11678,
      11684,
      11685,
      11704,
      11705,
      11706,
      11707,
      11708,
      11709,
      11710,
      11711,
      11716,
      11725,
      11726,
      11727,
      11728,
      11732,
      11733,
      11737,
      11742,
      11750,
      11751,
      11752,
      11753,
      11754,
      11756,
      11757,
      11758,
      11759,
      11760,
      11762,
      11763,
      11764,
      11765,
      11771,
      11773,
      11774,
      11783,
      11784,
      11785,
      11786,
      11787,
      11792,
      11796,
      11797,
      11798,
      11799,
      11807,
      11821,
      11822,
      11823,
      11831,
      11832,
      11836,
      11837,
      11840,
      11846,
      11847,
      11850,
      11851,
      11852,
      11853,
      11856,
      11858,
      11859,
      11875,
      11876,
      11877,
      11878,
      11879,
      11883,
      11884,
      11885,
      11890,
      11891,
      11892,
      11893,
      11896,
      11902,
      11903,
      11909,
      11919,
      11920,
      11921,
      11927,
      11928,
      11929,
      11939,
      11940,
      11943,
      11946,
      11947,
      11951,
      11958,
      11959,
      11960,
      11961,
      11962,
      11986,
      11989,
      11990,
      11991,
      11997,
      11998,
      12000,
      12001,
      12011,
      12021,
      12025,
      12026,
      12054,
      12055,
      12075,
      12109,
      12119,
      12180,
      12186,
      12195,
      12211,
      12227,
      12373,
      12396,
      12451,
      12469,
      12483,
      12484,
      12703,
      12704,
      12722,
      12788,
      12789,
      12802,
      12803,
      12823,
      12922,
      12923,
      12948,
      12964,
      13009,
      13049,
      13085,
      13098,
      13277,
      13288,
      13294,
      13378,
      13379,
      13387,
      13517,
      13677,
      13704,
      13869,
      13978,
      13999,
      14000,
      14027,
      14058,
      14059,
      14072,
      14073,
      14105,
      14108,
      14112,
      14116,
      14127,
      14128,
      14148,
      14158,
      14164,
      14165,
      14166,
      14171,
      14185,
      14196,
      14200,
      14201,
      14204,
      14205,
      14227,
      14228,
      14229,
      14249,
      14250,
      14263,
      14264,
      14315,
      14316,
      14328,
      14340,
      14341,
      14361,
      14365,
      14376,
      14379,
      14393,
      14400,
      14401,
      14408,
      14411,
      14412,
      14416,
      14418,
      14426,
      14427,
      14428,
      14430,
      14431,
      14434,
      14439,
      14447,
      14448,
      14459,
      14460,
      14468,
      14487,
      14488,
      14495,
      14515,
      14516,
      14520,
      14527,
      14530,
      14531,
      14532,
      14533,
      14558,
      14559,
      14569,
      14570,
      14579,
      14592,
      14605,
      14608,
      14629,
      14638,
      14651,
      14655,
      14688,
      14689,
      14703,
      14708,
      14714,
      14716,
      14748,
      14764,
      14766,
      14767,
      14772,
      14788,
      14799,
      14800,
      14801,
      14822,
      14823,
      14828,
      14842,
      14845,
      14846,
      14848,
      14849,
      14859,
      14862,
      14866,
      14882,
      14885,
      14888,
      14891,
      14903,
      14904,
      14913,
      14923,
      14930,
      14942,
      14944,
      14948,
      14959,
      14978,
      14979,
      14985,
      14997,
      14998,
      15003,
      15007,
      15009,
      15025,
      15026,
      15029,
      15030,
      15045,
      15054,
      15055,
      15065,
      15077,
      15078,
      15081,
      15082,
      15085,
      15086,
      15087,
      15097,
      15104,
      15105,
      15106,
      15110,
