{
  "logs": {
    "step": [
      200,
      400,
      600,
      800,
      1000,
      1200,
      1400,
      1600,
      1800,
      2000,
      2200,
      2400,
      2600,
      2800,
      3000,
      3200,
      3400,
      3600,
      3800,
      4000,
      4200,
      4400,
      4600,
      4800,
      5000,
      5200,
      5400,
      5600,
      5800,
      6000,
      6200,
      6400,
      6600,
      6800,
      7000,
      7200,
      7400,
      7600,
      7800,
      8000
    ],
    "cka": [
      0.989,
      0.9976,
      0.9981,
      0.9979,
      0.9975,
      0.9979,
      0.9979,
      0.9971,
      0.9979,
      0.9981,
      0.9954,
      0.994,
      0.9952,
      0.9942,
      0.9942,
      0.9946,
      0.9941,
      0.9942,
      0.9942,
      0.9943,
      0.9965,
      0.9971,
      0.9981,
      0.9974,
      0.9979,
      0.9982,
      0.9974,
      0.9978,
      0.9979,
      0.998,
      0.9987,
      0.9985,
      0.9989,
      0.9994,
      0.9978,
      0.998,
      0.9986,
      0.9985,
      0.9984,
      0.9986
    ],
    "action_corr": [
      -0.9907,
      -0.9894,
      -0.9904,
      -0.9916,
      -0.989,
      -0.9924,
      -0.99,
      -0.991,
      -0.9923,
      -0.9921,
      -0.9928,
      -0.9955,
      -0.9958,
      -0.9935,
      -0.9944,
      -0.995,
      -0.9946,
      -0.9952,
      -0.9957,
      -0.9956,
      -0.9772,
      -0.9892,
      -0.993,
      -0.9839,
      -0.99,
      -0.9935,
      -0.9931,
      -0.9902,
      -0.9907,
      -0.9909,
      -0.9971,
      -0.9981,
      -0.9977,
      -0.9981,
      -0.9977,
      -0.9969,
      -0.998,
      -0.998,
      -0.9982,
      -0.9979
    ],
    "subspace_angle": [
      84.5,
      90.0,
      90.0,
      90.0,
      86.9,
      90.0,
      90.0,
      87.6,
      90.0,
      90.0,
      90.0,
      90.0,
      90.0,
      90.0,
      90.0,
      89.5,
      90.0,
      90.0,
      90.0,
      90.0,
      81.5,
      89.5,
      90.0,
      87.1,
      90.0,
      90.0,
      90.0,
      90.0,
      90.0,
      89.5,
      90.0,
      90.0,
      90.0,
      90.0,
      90.0,
      90.0,
      90.0,
      90.0,
      90.0,
      90.0
    ],
    "loss_A": [
      0.003022,
      0.003807,
      0.000168,
      0.000247,
      0.00521,
      0.006891,
      0.001246,
      0.00691,
      0.000458,
      0.004073,
      0.00128,
      0.001496,
      0.000436,
      0.004521,
      0.000532,
      2.1e-05,
      0.000129,
      0.00022,
      0.003178,
      0.004915,
      0.00075,
      0.002694,
      8.6e-05,
      0.001518,
      0.004834,
      0.000428,
      0.008368,
      1.1e-05,
      0.005998,
      6.5e-05,
      0.000129,
      0.003546,
      0.000392,
      0.001086,
      0.002335,
      0.003267,
      0.001438,
      0.000272,
      0.001112,
      3.6e-05
    ],
    "loss_B": [
      0.00349,
      0.004071,
      4.2e-05,
      0.000234,
      0.004989,
      0.006088,
      0.00094,
      0.007121,
      0.000433,
      0.004481,
      0.001279,
      0.001614,
      0.000324,
      0.005408,
      0.000504,
      1.3e-05,
      0.000118,
      9.7e-05,
      0.002772,
      0.004891,
      0.00035,
      0.002701,
      0.000232,
      0.001246,
      0.005759,
      0.000438,
      0.008074,
      4.8e-05,
      0.005551,
      4.7e-05,
      4.6e-05,
      0.004077,
      0.000326,
      0.000656,
      0.002658,
      0.003886,
      0.001839,
      0.000159,
      0.001557,
      1.5e-05
    ]
  },
  "summary": {
    "early_cka": 0.9969000000000001,
    "late_cka": 0.99854,
    "early_corr": -0.99089,
    "late_corr": -0.99777,
    "trend_cka": "converging",
    "trend_corr": "diverging"
  }
}