{
  "low": {
    "shared": {
      "R2": 0.5873350766987747,
      "z": 0.44862991876600433
    },
    "correct": {
      "R2": 0.9183134715472359,
      "z": 0.6019779271158595
    },
    "wrong": {
      "R2": 0.6071882967758415,
      "z": -4.255585054284057
    },
    "selectivity": 0.31112517477139434
  },
  "high": {
    "shared": {
      "R2": 0.7476420138916042,
      "z": 0.911301017263701
    },
    "correct": {
      "R2": 0.7405694455728584,
      "z": -3.9584550200525035
    },
    "wrong": {
      "R2": 0.9419437842842405,
      "z": 0.5501438458300316
    },
    "selectivity": -0.2013743387113821
  },
  "dims": {
    "shared": [
      18
    ],
    "low_specific": [
      1,
      10,
      28,
      13
    ],
    "high_specific": [
      8,
      27,
      5,
      15
    ]
  }
}