{
  "mean": {
    "corr": 0.9444097733794738,
    "diff": 0.42526218766719104,
    "mean_risk": 0.9766804560571909
  },
  "max": {
    "corr": 0.9480206858744272,
    "diff": 0.43769130857661365,
    "mean_risk": 1.0039918108284474
  },
  "min": {
    "corr": 0.9396170886068838,
    "diff": 0.41339651146903633,
    "mean_risk": 0.9481679359525442
  },
  "alt": {
    "corr": 0.9403415864793485,
    "diff": 0.42435837981663643,
    "mean_risk": 0.9754380352944135
  }
}