{
  "g_axis": [
    0.0,
    0.2727272727272727,
    0.5454545454545454,
    0.8181818181818181,
    1.0909090909090908,
    1.3636363636363635,
    1.6363636363636362,
    1.909090909090909,
    2.1818181818181817,
    2.454545454545454,
    2.727272727272727,
    3.0
  ],
  "coverage": [
    0.5,
    0.4666666666666667,
    0.3333333333333333,
    0.3333333333333333,
    0.2,
    0.16666666666666666,
    0.13333333333333333,
    0.13333333333333333,
    0.16666666666666666,
    0.1,
    0.1,
    0.1
  ],
  "reachable": [
    0.6,
    1.0,
    1.0,
    1.0,
    0.9333333333333333,
    0.8666666666666667,
    0.9333333333333333,
    0.8666666666666667,
    0.7666666666666667,
    0.8,
    0.7333333333333333,
    0.7
  ],
  "escape_rate": [
    0.005,
    0.0058,
    0.0027999999999999995,
    0.0026000000000000003,
    0.0024000000000000002,
    0.0012000000000000001,
    0.0012000000000000001,
    0.0012000000000000001,
    0.0008,
    0.0008,
    0.0008,
    0.0008
  ],
  "phase_boundary": 1.0909090909090908
}