{
  "exp1_melting_baseline": {
    "q_mean": 0.310715916211484,
    "q_std": 0.12140015654748679,
    "q_min": 0.0010801892494782805,
    "q_max": 0.5089172124862671,
    "modes": 2,
    "corr_mean": 0.32899877663522503
  },
  "exp1_melting_sigma_0.0": {
    "sigma": 0.0,
    "modes": 2,
    "q_mean": 0.310715916211484,
    "q_std": 0.12140015654748679,
    "corr_mean": 0.32899877663522503
  },
  "exp1_melting_sigma_0.02": {
    "sigma": 0.02,
    "modes": 1,
    "q_mean": 0.35504715219140054,
    "q_std": 0.10222985145079944,
    "corr_mean": 0.3467556352893325
  },
  "exp1_melting_sigma_0.05": {
    "sigma": 0.05,
    "modes": 1,
    "q_mean": 0.33143993207486344,
    "q_std": 0.1618452446451065,
    "corr_mean": 0.057411095346404505
  },
  "exp1_melting_sigma_0.1": {
    "sigma": 0.1,
    "modes": 1,
    "q_mean": 0.3381704720261041,
    "q_std": 0.14818769967976994,
    "corr_mean": 0.270935169581428
  },
  "exp1_melting_sigma_0.2": {
    "sigma": 0.2,
    "modes": 0,
    "q_mean": 0.34482046628254465,
    "q_std": 0.12967049178886256,
    "corr_mean": 0.2935142695992054
  },
  "exp2_N_2": {
    "N": 2,
    "corr_mean": 0.23927941420976567,
    "corr_std": 0.7872408765502895,
    "corr_var": 0.6197481977116681,
    "corr_min": -0.9003670880636602,
    "corr_max": 0.9981991689412906,
    "modes": 2
  },
  "exp2_N_4": {
    "N": 4,
    "corr_mean": 0.15106440417052816,
    "corr_std": 0.7519500611048583,
    "corr_var": 0.5654288943956002,
    "corr_min": -0.9762358387075771,
    "corr_max": 0.9970718872784221,
    "modes": 0
  },
  "exp2_N_8": {
    "N": 8,
    "corr_mean": -0.06778539593154587,
    "corr_std": 0.8191149519027724,
    "corr_var": 0.6709493044306811,
    "corr_min": -0.9976530556967123,
    "corr_max": 0.9986528491921117,
    "modes": 2
  },
  "exp3_aging": {
    "t_w_values": [
      500,
      2000,
      5000
    ],
    "C_curves": {
      "tw_500": [
        1.0,
        0.9993,
        0.9977,
        0.997,
        0.993,
        0.9895,
        0.9773,
        0.9663,
        0.9568,
        0.9468,
        0.9301,
        0.9218,
        0.9183,
        0.9295,
        0.9167,
        0.9211,
        0.9125,
        0.9208,
        0.9195,
        0.9197,
        0.9158,
        0.9214,
        0.9199,
        0.9258,
        0.9362,
        0.9427,
        0.9356,
        0.9305,
        0.924,
        0.9269,
        0.922,
        0.9193,
        0.9219,
        0.9145,
        0.9119,
        0.9232,
        0.9186,
        0.9103,
        0.9083,
        0.9088,
        0.9151,
        0.9115,
        0.9153,
        0.9238,
        0.9085,
        0.9125,
        0.9214,
        0.9207,
        0.9294,
        0.9398,
        0.9175,
        0.9114,
        0.9239,
        0.9308,
        0.9372,
        0.9298,
        0.9117,
        0.9151,
        0.9217,
        0.9235,
        0.9306,
        0.9263,
        0.9193,
        0.9154,
        0.9241,
        0.923,
        0.9263,
        0.9283,
        0.9241,
        0.927,
        0.9268,
        0.9158,
        0.9147,
        0.9171,
        0.9142,
        0.9314,
        0.9222,
        0.9262,
        0.9163,
        0.9276,
        0.9188,
        0.9191,
        0.9198,
        0.9189,
        0.9243,
        0.9405,
        0.9343,
        0.915,
        0.9305,
        0.9271,
        0.9091,
        0.9128,
        0.9266,
        0.9339,
        0.9323,
        0.9276,
        0.9276,
        0.9282,
        0.9364,
        0.9376,
        0.9203,
        0.9237,
        0.9146,
        0.9141,
        0.932,
        0.9288,
        0.9301,
        0.9211,
        0.9296,
        0.9223,
        0.9269,
        0.925,
        0.9368,
        0.9261,
        0.9366,
        0.9512,
        0.9262,
        0.925,
        0.9176,
        0.9169,
        0.9217,
        0.9233,
        0.9278,
        0.9297,
        0.9223,
        0.9228,
        0.9112,
        0.9171,
        0.9175,
        0.9138,
        0.9232,
        0.9343,
        0.9282,
        0.92,
        0.9209,
        0.9307,
        0.9212,
        0.9304,
        0.9197,
        0.9235,
        0.9178,
        0.9355,
        0.921,
        0.9103,
        0.921,
        0.921,
        0.919,
        0.9353,
        0.92,
        0.9245,
        0.9268,
        0.9362,
        0.9274,
        0.928,
        0.9318,
        0.9258,
        0.9413,
        0.9284,
        0.9249,
        0.9198,
        0.929,
        0.9283,
        0.9257,
        0.9296,
        0.923,
        0.9154,
        0.921,
        0.9316,
        0.9171,
        0.9234,
        0.9407,
        0.9368,
        0.9289,
        0.9102,
        0.9178,
        0.9133,
        0.9263,
        0.9159,
        0.915,
        0.9179,
        0.9217,
        0.9213,
        0.9275,
        0.9297,
        0.9137,
        0.9161,
        0.919,
        0.9172,
        0.927,
        0.9278,
        0.9375,
        0.9281,
        0.9256,
        0.9325,
        0.9445,
        0.9386,
        0.9552,
        0.943,
        0.9238,
        0.9204,
        0.9282,
        0.9447,
        0.9495,
        0.9539,
        0.9441,
        0.9281,
        0.938,
        0.9339,
        0.9305,
        0.9221,
        0.926,
        0.9224,
        0.9118,
        0.914,
        0.9186,
        0.9113,
        0.922,
        0.9212,
        0.9128,
        0.9253,
        0.918,
        0.9118,
        0.9152,
        0.9193,
        0.9214,
        0.928,
        0.9355,
        0.9264,
        0.9251,
        0.922,
        0.914,
        0.9235,
        0.9235,
        0.9184,
        0.912,
        0.9163,
        0.9096,
        0.9188,
        0.9287,
        0.9331,
        0.9354,
        0.92,
        0.9249,
        0.9138,
        0.9165,
        0.9263,
        0.9189,
        0.9173,
        0.9174,
        0.9218,
        0.9099,
        0.9296,
        0.9173,
        0.9244,
        0.9279,
        0.9307,
        0.9332,
        0.9324,
        0.9255,
        0.9294,
        0.9177,
        0.9242,
        0.9187,
        0.9176,
        0.9152,
        0.9221,
        0.9159,
        0.9272,
        0.9228,
        0.9257,
        0.9291,
        0.9201,
        0.9183,
        0.9238,
        0.9158,
        0.909,
        0.9095,
        0.9187,
        0.9215,
        0.92,
        0.9155,
        0.9165,
        0.9291,
        0.9224,
        0.9254,
        0.9179,
        0.9261,
        0.92,
        0.9141,
        0.9164,
        0.9126,
        0.9155,
        0.9145,
        0.9134,
        0.9099,
        0.9255,
        0.9231,
        0.9336,
        0.9334,
        0.9247
      ],