{
  "jacobian_subspace": {
    "num_clusters": 3,
    "silhouette": 0.834237753003128,
    "intra_angle": 8.462912654786868,
    "inter_angle": 49.8486626224046,
    "ratio": 5.89024897182488,
    "structure_present": true,
    "labels": [
      0,
      0,
      0,
      0,
      0,
      0,
      0,
      0,
      2,
      1,
      1,
      1,
      2,
      2,
      2,
      0,
      0,
      0,
      0,
      0,
      0,
      0,
      0,
      0,
      2,
      2,
      2,
      2,
      2,
      1,
      1
    ],
    "window_starts": [
      0,
      250,
      500,
      750,
      1000,
      1250,
      1500,
      1750,
      2000,
      2250,
      2500,
      2750,
      3000,
      3250,
      3500,
      3750,
      4000,
      4250,
      4500,
      4750,
      5000,
      5250,
      5500,
      5750,
      6000,
      6250,
      6500,
      6750,
      7000,
      7250,
      7500
    ],
    "mutual_info_with_drift": 0.5699426926951839,
    "per_cluster_drift": {
      "0": {
        "mean_drift": 0.3326485384665851,
        "std_drift": 0.25485898971748183,
        "count": 17
      },
      "1": {
        "mean_drift": 1.3438724611086916,
        "std_drift": 0.0060601268595215484,
        "count": 5
      },
      "2": {
        "mean_drift": 1.3419482105517186,
        "std_drift": 0.0061467929301905425,
        "count": 9
      }
    }
  },
  "probe_subspace_comparison": {
    "num_clusters": 3,
    "silhouette": 0.6052464989950044,
    "intra_angle": 19.40963855421687,
    "inter_angle": 65.79933110367892,
    "ratio": 3.390033816754576
  },
  "step_jacobian_angle_mean_deg": 20.123596822234507,
  "genuine_geometric_structure": true,
  "window": 500,
  "stride": 250,
  "top_k": 5
}