{
  "lambdas": [
    0,
    0.01,
    0.05,
    0.1,
    0.2,
    0.5,
    1.0,
    2.0,
    5.0
  ],
  "slope": [
    0.11019553126240612,
    -0.10313486731700831,
    -0.21500910111900057,
    -0.15403160518615444,
    -0.22624923835160654,
    -0.15095791597032565,
    -0.17407988232665528,
    -0.13903673906214065,
    -0.14874026443364072
  ],
  "cost": [
    2.364789613280445,
    0.5017368406057358,
    0.0034792769308842255,
    0.003935168938087372,
    0.003205503489716648,
    0.0035114171229060887,
    0.0038772570584478406,
    0.0030472525839046584,
    0.00213562156014774
  ],
  "lambda_star": 0.01
}