{
  "controllability_range": [
    0.3462340533733368,
    0.0
  ],
  "per_cluster_mean_panic": {
    "0": 0.9941514141553557,
    "1": 0.9999999711178038,
    "2": 0.9972552114183035
  },
  "P_panic_given_cluster": {
    "0": 0.0,
    "1": 1.0,
    "2": 0.4
  },
  "P_cluster_given_panic_high": {
    "0": 0.0,
    "1": 0.8666666666666667,
    "2": 0.13333333333333333
  },
  "max_ccf_abs": 0.7147704031141789,
  "max_ccf_lag": -16,
  "ccf_values": [
    0.0,
    0.0,
    0.0,
    0.0,
    0.0,
    0.0,
    0.0,
    0.0,
    0.0,
    0.0,
    0.0,
    0.0,
    0.0,
    0.0,
    0.0,
    0.0,
    0.0,
    0.0,
    0.0,
    0.0,
    0.0,
    0.0,
    0.0,
    0.0,
    2.7755575615628907e-17,
    7.447602459741818e-17,
    9.064933036736789e-17,
    0.2182178902359924,
    -0.6614378277661476,
    0.16666666666666666,
    0.14907119849998599,
    0.13483997249264845,
    0.12309149097933285,
    0.11880601342849598,
    -0.7147704031141789,
    0.10234871245244569,
    0.09571977883217822,
    0.08989760602072898,
    0.08474331746752717,
    0.0801481910597641,
    -0.6866738286215005,
    0.09085820950118477,
    0.08651279550742526,
    0.09769155597133741,
    0.1069137517722888,
    0.10222114061111492,
    0.09792445235898638,
    0.09397546276641879,
    0.1096128219879286,
    -0.218218251678242,
    0.1004769031087906,
    0.1048714365350539,
    0.11151577316185393,
    0.1159909941888718,
    -0.29707683584838807,
    -0.25403746184717374,
    -0.2904070531482032,
    -0.2865955038279721,
    0.1193608491112889,
    0.12548510800030085,
    0.13227205690920524,
    0.1398354569514747,
    0.14831670091975924,
    0.1578937497162948,
    0.11572751247156893,
    0.12403473458920845,
    0.13363062095621217,
    0.14484136487558041,
    0.1581138830084189,
    -0.5222329678670935,
    0.19364916731037085,
    -0.5091750772173155,
    -0.6614378277661475,
    0.2182178902359924,
    0.16666666666666666,
    0.0,
    0.0,
    0.0,
    0.0,
    0.0,
    0.0,
    0.0,
    0.0,
    0.0,
    0.0,
    0.0,
    0.0,
    0.0,
    0.0,
    0.0,
    0.0,
    0.0,
    0.0,
    0.0,
    0.0,
    0.0,
    0.0,
    0.0,
    0.0,
    0.0,
    0.0
  ],
  "lags": [
    -50,
    -49,
    -48,
    -47,
    -46,
    -45,
    -44,
    -43,
    -42,
    -41,
    -40,
    -39,
    -38,
    -37,
    -36,
    -35,
    -34,
    -33,
    -32,
    -31,
    -30,
    -29,
    -28,
    -27,
    -26,
    -25,
    -24,
    -23,
    -22,
    -21,
    -20,
    -19,
    -18,
    -17,
    -16,
    -15,
    -14,
    -13,
    -12,
    -11,
    -10,
    -9,
    -8,
    -7,
    -6,
    -5,
    -4,
    -3,
    -2,
    -1,
    0,
    1,
    2,
    3,
    4,
    5,
    6,
    7,
    8,
    9,
    10,
    11,
    12,
    13,
    14,
    15,
    16,
    17,
    18,
    19,
    20,
    21,
    22,
    23,
    24,
    25,
    26,
    27,
    28,
    29,
    30,
    31,
    32,
    33,
    34,
    35,
    36,
    37,
    38,
    39,
    40,
    41,
    42,
    43,
    44,
    45,
    46,
    47,
    48,
    49,
    50
  ],
  "z_score": -0.7241340999962436,
  "p_value": 0.549,
  "cluster2_synchronous": false,
  "n_shuffle": 1000
}