{"drifts": [0.003, 0.005, 0.01, 0.02, 0.04, 0.06, 0.08], "inertias": [0.0, 0.2, 0.4, 0.6, 0.8], "results": {"0.003:0.0": 1.201139290185465, "0.005:0.0": 0.9916140870626804, "0.01:0.0": 0.9841946017573173, "0.02:0.0": 1.0361687973901583, "0.04:0.0": 0.800013944496967, "0.06:0.0": 1.1552460384647878, "0.08:0.0": 1.0731199239252818, "0.003:0.2": 1.1939217801427355, "0.005:0.2": 0.9859355228841215, "0.01:0.2": 0.9869235098199584, "0.02:0.2": 1.076388842537703, "0.04:0.2": 0.7983686691090044, "0.06:0.2": 1.245026158107535, "0.08:0.2": 1.0340233129239764, "0.003:0.4": 1.1910591130371795, "0.005:0.4": 0.9859377882515336, "0.01:0.4": 0.980828902121813, "0.02:0.4": 1.0796181644273788, "0.04:0.4": 0.782226118836443, "0.06:0.4": 1.2668544948683098, "0.08:0.4": 0.989450149052317, "0.003:0.6": 1.1744253691544926, "0.005:0.6": 0.9806327644217193, "0.01:0.6": 0.9618340291343797, "0.02:0.6": 1.0783960695761308, "0.04:0.6": 0.6707969008695168, "0.06:0.6": 1.0797560102416515, "0.08:0.6": 0.9789327216741815, "0.003:0.8": 1.1474275126939346, "0.005:0.8": 0.9549434003075555, "0.01:0.8": 0.9558222371096637, "0.02:0.8": 1.0280878289971753, "0.04:0.8": 0.6727098124553603, "0.06:0.8": 0.7521386163059858, "0.08:0.8": 0.7568424710593636}, "structure_map": {"0.003:0.0": {"S_adv": 1.201139290185465, "K": 2.0, "struct": 1}, "0.005:0.0": {"S_adv": 0.9916140870626804, "K": 2.0, "struct": 1}, "0.01:0.0": {"S_adv": 0.9841946017573173, "K": 3.0, "struct": 1}, "0.02:0.0": {"S_adv": 1.0361687973901583, "K": 2.5, "struct": 1}, "0.04:0.0": {"S_adv": 0.800013944496967, "K": 2.5, "struct": 1}, "0.06:0.0": {"S_adv": 1.1552460384647878, "K": 2.5, "struct": 1}, "0.08:0.0": {"S_adv": 1.0731199239252818, "K": 2.5, "struct": 1}, "0.003:0.2": {"S_adv": 1.1939217801427355, "K": 2.0, "struct": 1}, "0.005:0.2": {"S_adv": 0.9859355228841215, "K": 2.0, "struct": 1}, "0.01:0.2": {"S_adv": 0.9869235098199584, "K": 2.5, "struct": 1}, "0.02:0.2": {"S_adv": 1.076388842537703, "K": 3.0, "struct": 1}, "0.04:0.2": {"S_adv": 0.7983686691090044, "K": 2.5, "struct": 1}, "0.06:0.2": {"S_adv": 1.245026158107535, "K": 2.5, "struct": 1}, "0.08:0.2": {"S_adv": 1.0340233129239764, "K": 2.5, "struct": 1}, "0.003:0.4": {"S_adv": 1.1910591130371795, "K": 2.0, "struct": 1}, "0.005:0.4": {"S_adv": 0.9859377882515336, "K": 2.0, "struct": 1}, "0.01:0.4": {"S_adv": 0.980828902121813, "K": 3.0, "struct": 1}, "0.02:0.4": {"S_adv": 1.0796181644273788, "K": 3.0, "struct": 1}, "0.04:0.4": {"S_adv": 0.782226118836443, "K": 2.5, "struct": 1}, "0.06:0.4": {"S_adv": 1.2668544948683098, "K": 2.5, "struct": 1}, "0.08:0.4": {"S_adv": 0.989450149052317, "K": 2.5, "struct": 1}, "0.003:0.6": {"S_adv": 1.1744253691544926, "K": 2.0, "struct": 1}, "0.005:0.6": {"S_adv": 0.9806327644217193, "K": 2.0, "struct": 1}, "0.01:0.6": {"S_adv": 0.9618340291343797, "K": 3.0, "struct": 1}, "0.02:0.6": {"S_adv": 1.0783960695761308, "K": 2.5, "struct": 1}, "0.04:0.6": {"S_adv": 0.6707969008695168, "K": 2.5, "struct": 1}, "0.06:0.6": {"S_adv": 1.0797560102416515, "K": 2.5, "struct": 1}, "0.08:0.6": {"S_adv": 0.9789327216741815, "K": 2.5, "struct": 1}, "0.003:0.8": {"S_adv": 1.1474275126939346, "K": 2.0, "struct": 1}, "0.005:0.8": {"S_adv": 0.9549434003075555, "K": 2.0, "struct": 1}, "0.01:0.8": {"S_adv": 0.9558222371096637, "K": 3.0, "struct": 1}, "0.02:0.8": {"S_adv": 1.0280878289971753, "K": 2.5, "struct": 1}, "0.04:0.8": {"S_adv": 0.6727098124553603, "K": 2.5, "struct": 1}, "0.06:0.8": {"S_adv": 0.7521386163059858, "K": 2.5, "struct": 1}, "0.08:0.8": {"S_adv": 0.7568424710593636, "K": 2.5, "struct": 1}}}