{
  "baseline": {
    "S_adv": 1.7195380838765943,
    "structure": {
      "routing_entropy_mean_train": 1.270475436449051,
      "routing_entropy_mean_test": 1.0889540525277455,
      "routing_entropy_test": [
        1.0951396226882935,
        1.0950119495391846,
        1.094902515411377,
        1.0947238206863403,
        1.0945842266082764,
        1.0943868160247803,
        1.0942035913467407,
        1.0940275192260742,
        1.0938457250595093,
        1.093651294708252,
        1.0934123992919922,
        1.0932707786560059,
        1.0930821895599365,
        1.0929195880889893,
        1.092745304107666,
        1.0925339460372925,
        1.0923657417297363,
        1.0922245979309082,
        1.0921177864074707,
        1.0919256210327148,
        1.0917377471923828,
        1.0915440320968628,
        1.0914496183395386,
        1.0912978649139404,
        1.0911808013916016,
        1.0910013914108276,
        1.0908994674682617,
        1.0907610654830933,
        1.0906213521957397,
        1.0904569625854492,
        1.0903756618499756,
        1.0902007818222046,
        1.090173363685608,
        1.089991807937622,
        1.089923620223999,
        1.0898163318634033,
        1.089707612991333,
        1.0895955562591553,
        1.0894629955291748,
        1.0893633365631104,
        1.0892791748046875,
        1.0891250371932983,
        1.0890295505523682,
        1.0889692306518555,
        1.0889184474945068,
        1.08888840675354,
        1.0887681245803833,
        1.0887264013290405,
        1.0886402130126953,
        1.0885612964630127,
        1.0885546207427979,
        1.0884854793548584,
        1.0884628295898438,
        1.0883699655532837,
        1.0883185863494873,
        1.0882328748703003,
        1.088163137435913,
        1.0880776643753052,
        1.087981939315796,
        1.0879664421081543,
        1.0878746509552002,
        1.0878955125808716,
        1.0877387523651123,
        1.087830901145935,
        1.0877153873443604,
        1.0876646041870117,
        1.087679386138916,
        1.0876545906066895,
        1.087652325630188,
        1.0875635147094727,
        1.0876017808914185,
        1.0874888896942139,
        1.0875135660171509,
        1.0874265432357788,
        1.0874392986297607,
        1.0873589515686035,
        1.0873291492462158,
        1.0871946811676025,
        1.0872424840927124,
        1.0871667861938477,
        1.0871011018753052,
        1.0870811939239502,
        1.0870028734207153,
        1.0869414806365967,
        1.0868977308273315,
        1.0867877006530762,
        1.086966633796692,
        1.0869237184524536,
        1.0868830680847168,
        1.0868562459945679,
        1.0868186950683594,
        1.0866680145263672,
        1.0868455171585083,
        1.0867962837219238,
        1.0866732597351074,
        1.0867215394973755,
        1.086566686630249,
        1.0867106914520264,
        1.0866022109985352,
        1.0866692066192627,
        1.086555004119873,
        1.086538553237915,
        1.0864546298980713,
        1.0865390300750732,
        1.0864074230194092,
        1.0864357948303223,
        1.0863819122314453,
        1.0863511562347412,
        1.0862476825714111,
        1.086409330368042,
        1.0863137245178223,
        1.0863635540008545,
        1.0863085985183716,
        1.0861825942993164,
        1.0861620903015137,
        1.0861191749572754,
        1.086081862449646,
        1.0859689712524414,
        1.0860027074813843,
        1.0858513116836548,
        1.0859503746032715,
        1.0857760906219482,
        1.0860315561294556,
        1.0859050750732422,
        1.085953712463379,
        1.085788607597351,
        1.085817575454712,
        1.0856187343597412,
        1.0859110355377197,
        1.085871696472168,
        1.085736870765686,
        1.0858397483825684,
        1.0857226848602295,
        1.0857887268066406,
        1.0856707096099854,
        1.0857725143432617,
        1.0856037139892578,
        1.0858126878738403,
        1.0856037139892578,
        1.0859556198120117,
        1.0859224796295166,
        1.0858322381973267,
        1.0859205722808838,
        1.0857038497924805,
        1.0859746932983398,
        1.0858503580093384,
        1.0859171152114868,
        1.0857619047164917,
        1.0858631134033203,
        1.0856146812438965,
        1.0860230922698975,
        1.0860427618026733,
        1.0858066082000732,
        1.0860790014266968,
        1.0859930515289307,
        1.085842490196228,
        1.0858170986175537,
        1.0858343839645386,
        1.0857172012329102,
        1.0856683254241943,
        1.0854706764221191,
        1.085679054260254,
        1.0855748653411865,
        1.0854929685592651,
        1.0853524208068848,
        1.085381269454956,
        1.0852264165878296,
        1.085235357284546,
        1.085023283958435,
        1.0852324962615967,
        1.0851022005081177,
        1.0851982831954956,
        1.0849721431732178,
        1.085310935974121,
        1.0852227210998535,
        1.0850621461868286,
        1.0851576328277588,
        1.0849515199661255,
        1.0850666761398315,
        1.0848761796951294,
        1.0850391387939453,
        1.0847880840301514,
        1.0851972103118896,
        1.0851645469665527,
        1.084961175918579,
        1.0850250720977783,
        1.0848495960235596,
        1.0849847793579102,
        1.0846314430236816,
        1.0853767395019531,
        1.085940957069397,
        1.0862090587615967,
        1.0861380100250244,
        1.085997223854065,
        1.086003303527832,
        1.0858286619186401,
        1.0857914686203003,
        1.0855751037597656,
        1.0855646133422852,
        1.0852959156036377,
        1.085533618927002,
        1.0852646827697754,
        1.0855557918548584,
        1.0854010581970215,
        1.0853989124298096,
        1.085084319114685,
        1.0855209827423096,
        1.0854929685592651,
        1.085276484489441,
        1.0853277444839478,
        1.0850493907928467,
        1.0854241847991943,
        1.0854089260101318,
        1.0851759910583496,
        1.0852479934692383,
        1.0849366188049316,
        1.0853064060211182,
        1.0852775573730469,
        1.0849058628082275,
        1.0855470895767212,
        1.0859733819961548,
        1.0860185623168945,
        1.0857486724853516,
        1.0859107971191406,
        1.0855224132537842,
        1.0861892700195312,
        1.086646556854248,
        1.0867871046066284,
        1.0864766836166382,
        1.0866835117340088,
        1.086456298828125,
        1.08637273311615,
        1.086087942123413,
        1.0860592126846313,
        1.085788369178772,
        1.0858176946640015,
        1.0854060649871826,
        1.086175560951233,
        1.086970567703247,
        1.0878593921661377,
        1.0888252258300781,
        1.0899358987808228,
        1.0911519527435303,
        1.092185616493225,
        1.0932648181915283,
        1.0939383506774902,
        1.0946277379989624,
        1.0953017473220825,
        1.0958654880523682,
        1.0963706970214844,
        1.0966871976852417,
        1.0970231294631958,
        1.0972622632980347,
        1.097418189048767,
        1.0975383520126343,
        1.09764564037323,
        1.0976779460906982,
        1.097712755203247,
        1.0977041721343994,
        1.0976717472076416,
        1.0976206064224243,
        1.0975464582443237,
        1.0974446535110474,
        1.0973724126815796,
        1.0972734689712524,
        1.0971215963363647,
        1.097057819366455,
        1.0969555377960205,
        1.0967812538146973,
        1.0967509746551514,
        1.0966898202896118,
        1.096529483795166,
        1.096493124961853,
        1.096323013305664,
        1.0962629318237305,
        1.09609055519104,
        1.096029281616211,
        1.095876932144165,
        1.0957517623901367,
        1.0955772399902344,
