{
  "original_panic": {
    "min": 0.0,
    "max": 1.0,
    "std": 0.036694520704318535,
    "saturated": true
  },
  "alternative_signals": {
    "controllability_raw": {
      "mutual_info": 0.6008246794937904,
      "P_signal_high_given_cluster": {
        "0": 1.0,
        "1": 0.0,
        "2": 0.4
      },
      "per_cluster_mean": {
        "0": 0.002024969641978924,
        "1": 0.0,
        "2": 0.000950329303741455
      },
      "per_cluster_std": {
        "0": 0.0017141900856013181,
        "1": 0.0,
        "2": 0.0006315708835370642
      }
    },
    "risk": {
      "mutual_info": 0.6794950263279834,
      "P_signal_high_given_cluster": {
        "0": 0.0,
        "1": 1.0,
        "2": 0.4
      },
      "per_cluster_mean": {
        "0": 0.8788237257651411,
        "1": 1.1415614298765477,
        "2": 0.9739987467288971
      },
      "per_cluster_std": {
        "0": 0.03625200830130794,
        "1": 0.002741446282022503,
        "2": 0.10212874744732356
      }
    },
    "action_magnitude": {
      "mutual_info": 0.6794950263279834,
      "P_signal_high_given_cluster": {
        "0": 0.0,
        "1": 1.0,
        "2": 0.4
      },
      "per_cluster_mean": {
        "0": 0.4547513834788249,
        "1": 0.6438812263562129,
        "2": 0.523649871301651
      },
      "per_cluster_std": {
        "0": 0.026056064686819275,
        "1": 0.0022867671730228,
        "2": 0.07301942751161719
      }
    },
    "drift_g": {
      "mutual_info": 0.6959885927632248,
      "P_signal_high_given_cluster": {
        "0": 0.0,
        "1": 1.0,
        "2": 0.4
      },
      "per_cluster_mean": {
        "0": 0.3101948339487905,
        "1": 1.3429483456420033,
        "2": 0.6960057070132349
      },
      "per_cluster_std": {
        "0": 0.14299759741754953,
        "1": 0.00604049085946407,
        "2": 0.3990702634245213
      }
    }
  },
  "selected_signal": "risk",
  "selected_mutual_info": 0.6794950263279834
}