{"drift": [0.005, 0.02, 0.08], "S": [0.9961404631424071, 1.7405966528726455, 0.5828690184284213]}