{
  "stacked_J_singular_values": [
    10.509464263916016,
    2.1518781185150146,
    0.7499964237213135,
    0.45422855019569397,
    0.23750688135623932,
    0.20853132009506226,
    0.10695934295654297,
    0.026140259578824043,
    7.918606092019442e-16,
    7.340087883000676e-16,
    7.340087883000676e-16,
    7.340087883000676e-16,
    7.340087883000676e-16,
    7.340087883000676e-16,
    7.340087883000676e-16,
    7.340087883000676e-16,
    7.340087883000676e-16,
    7.340087883000676e-16,
    7.340087883000676e-16,
    7.340087883000676e-16,
    7.340087883000676e-16,
    7.340087883000676e-16,
    7.340087883000676e-16,
    7.340087883000676e-16,
    7.340087883000676e-16,
    7.340087883000676e-16,
    7.340087883000676e-16,
    7.340087883000676e-16,
    7.340087883000676e-16,
    7.340087883000676e-16,
    7.340087883000676e-16,
    5.677363266331668e-16
  ],
  "cumulative_energy": [
    0.7275651693344116,
    0.8765386343002319,
    0.9284605383872986,
    0.9599065780639648,
    0.9763490557670593,
    0.9907855987548828,
    0.9981903433799744,
    1.0,
    1.0,
    1.0,
    1.0,
    1.0,
    1.0,
    1.0,
    1.0,
    1.0,
    1.0,
    1.0,
    1.0,
    1.0,
    1.0,
    1.0,
    1.0,
    1.0,
    1.0,
    1.0,
    1.0,
    1.0,
    1.0,
    1.0,
    1.0,
    1.0
  ],
  "k_80_percent": 2,
  "k_90_percent": 3,
  "low_rank": true,
  "top_5_svals_stacked": [
    10.509464263916016,
    2.1518781185150146,
    0.7499964237213135,
    0.45422855019569397,
    0.23750688135623932
  ],
  "n_jacobians": 800,
  "note": "Per-timestep J_t has action_dim=1 so trivially rank-1. Stacked spectrum is the meaningful measure."
}