{"num_clusters": 3, "intra_angle": 19.40963855421687, "inter_angle": 65.79933110367892, "labels": [0, 2, 0, 0, 0, 0, 0, 2, 1, 1, 1, 1, 1, 1, 1, 0, 0, 0, 0, 0, 0, 2, 0, 2, 2, 1, 1, 1, 1, 1, 1], "window_starts": [0, 250, 500, 750, 1000, 1250, 1500, 1750, 2000, 2250, 2500, 2750, 3000, 3250, 3500, 3750, 4000, 4250, 4500, 4750, 5000, 5250, 5500, 5750, 6000, 6250, 6500, 6750, 7000, 7250, 7500], "distance_matrix_mean": 59.625, "silhouette": 0.6052464989950044}